CO_PRODUTO;NO_PRODUTO
101;CREDITO PESSOAL AMORTIZACAO UNICA
102;CREDITO PESSOAL ANTEC PRE-FIXADO
104;CREDITO PESS POS JR MENSAL
105;CREDITO PESSOAL PRE PARCELADO
106;CREDITO PESSOAL POS-PARCELADO
107;CDC SALARIO/SALARIO ESPECIAL
109;CART COMERC ADQUIRIDAS EMPR PF
110;CREDITO CONSIGNADO
116;FI MASTER IND DE PRECOS 50 RF LP
125;MICROCREDITO PF
139;MICROCREDITO PF - CRESCER
144;MICROCREDITO PF - EXIGIBILIDADE
148;VEICULOS POPULARES -PF - POS
149;CREDITO AUTO CAIXA - PF
150;BCD - BENS VEICULOS E SERV PF - POS FIX
151;VEICULOS - PF - PRE
152;VEICULOS - PF - POS
154;CEF TAXI - PRE
155;CEF TAXI - PRE
156;CEF TAXI - POS
158;VEICULOS DEFICIENTE FISICO - PRE
160;CONSTRUCARD CAIXA - IMOV RESID - PF
161;BALCAO DE FERRAMENTAS
167;PRODUCARD CAIXA - PF
168;CAIXA FIC PREVIDENCIA RF 300
171;PROGER - RECEM-FORMADOS
172;PROGER - RECEM-FORMAD CAP GIRO
173;PROGER - AUTONOMOS
174;PROGER - PROF LIBERAIS
180;NOVACAO DIV. HABITAC. PRE
182;GIROCAIXA INSTANTANEO
183;GIRO CAIXA INSTANTANEO MULTIP
190;RENEG ESPECIAL - PF
191;RENEGOCIACAO DE DIVIDA PF-PRE
192;ANTECIP RECEB MENSAL ESCOLAR
193;CONSTRUGIRO ANTEC RECEBIVEIS
194;CONTA GARANTIDA CAIXA
195;CHEQUE ESPECIAL PF - UTILIZACAO
196;ADIANTAMENTO A DEPOSITANTES PF
196;ADIANTAMENTO A DEPOSITANTES PF
197;CHEQUE EMPRESA CAIXA
198;CHEQUE ESPECIAL CAIXA - SETOR PUBLICO
199;CONTROLE MANUAL PF
201;CREDITO - CAIXA AQUI
203;CDC-AUTOMATICO/AUTOMATICO ESPECIAL - PF
213;PENHOR
215;CRED ESP EMP - PARC - FLUT
221;APLICACAO IMOVEL FUNCIONAL CX
224;CC PROCOTISTA AQUIS RESID. ADJ/ARR CAIXA
228;CC PROCOTISTA AQUIS RESID. ADJ/ARR EMGEA
229;CC PROCOTISTA AQUIS RESID. LEILAO CAIXA
243;ADM IMOV DE TERCEIROS-INSS-PF
244;ADM IMOV DE TERCEIROS-SPU-PF
245;ADM IMOV TERC-RESID-CHESF-PF
249;DESIMOB PROJETO ORLA - PF
255;ADM IMOV DE TERCEIROS-INSS-PJ
256;ADM IMOV DE TERC - SPU - PJ
260;RENEG CONSTRUCARD RES PF
262;ADM IMOV FUNCIONAIS-PROJ ORLA-
268;CC PROCOTISTA AQUIS RESID. LEILAO EMGEA
271;RENEGOCIACAO ESPECIAL
275;CRED ESP EMP - GARANTIA FGO
277;GIROCAIXA REC PIS - GARANTIA FGO
279;CRED ESP EMP - POS GARANTIA FGO
291;GIROCAIXA REC CAIXA - GAR FGO
303;CCFGTS-AQ MAT CONS CONV INCRA
305;CCFGTS-REFORMA E/OU CONSTR
311;CRED CED SEGR FGTS C/ FCVS AT CX
313;DEMANDA CARACT VIA MUTUAR FNAL
315;CRED CED SFH C/FCVS STC701 CAIXA
318;FIN REC LETRAS HIPOTECARIAS
319;SCI FIN CART CREDITO RESID PF
322;CCCEF - SCI - LH - PREVRIO
327;IMOV.COM.PROP.CX.ADJ/ARR/DACAO
328;IMOV RES PROP CX ADJ/ARREN/DACAO
349;BNDES AUTOMATICO PARA ENTES PUBLICOS
352;FINAME PARA EMPR PUB E SOC ECON MISTA
355;CC SBPE AQUIS IMOV RESID CAIXA
356;CC SBPE AQ IMOV RESID LEILAO CAIXA
361;CONSTRUGIRO AQUIS RECEBIVEIS
362;APLIC.MERID.COM.CART.CAIXA
369;PROMOB -PROG. INFRA-ESTRUT.P/MOBILID.
392;CER-FIN.SANEAMENTO ST.PRIV.-CEF
413;ALIEN IMOV COMERC NAO USO-PF
414;ALIEN IMOV COMERC NAO USO-PJ
415;IMOVEL PATRIMONIAL/COMERCIAL NAO DE USO
416;ALIEN IMOV PATRIM COMERC CX-PF
417;ALIEN IMOV PATRIM COMERC CX-PJ
424;CRED HIP ADQ ADM TERCEIROS
427;IMOVEIS ADJUDICADOS-ARREMATADOS
436;ALIEN IMOV PATRIM RESID CX-PF
437;ALIEN IMOV PATRIM RESID CX-PJ
441;SAN - FGTS - OP PASSIVAS - CX
448;HAB - FGTS - OP PASSIVAS - CX
452;SAN FGTS OP PAS CX RISC CRED UN
453;HAB FGTS OP PAS CX RISC CRED UN
454;DES FGTS OP PAS CX RISC CRED UN
465;APLIC FUNGETUR
466;PROVIAS-PROG. DE INTERVENCOES VIARIAS
469;PROGRAMA EMERGENCIAL FINANC - BNDES
471;CONSTRUCARD FAT
479;CCFAT REV -AQ UNID ISOL RES PF
484;CCFAT REV - AQ UNID ISOLADA/EMPR COM-PF
500;ARREC. TRIBUT.ESTADUAIS
543;PROGRAMA DE ARREND RESIDENC
555;EMGEA-CREDITOS ADMINISTRAD.
574;CARTAO DE CREDITO - HIBRIDO PF
576;CARTAO CREDITO-PARC C JUROS HIBRIDO PF
577;CARTAO CREDITO-RENEG DIV ENQ HIBRIDO PF
578;CARTAO DE CREDITO - ROTATIVO HIBRIDO PF
583;CARTAO CREDITO-SAQUE CASH NAC HIBRIDO PF
584;FINANCIAMENTO ROTAT CARTAO
585;FINANCIAM. PARC. COM JUROS-CARTAO
586;EMPRESTIMO SAQUE CARTAO
587;RENEGOCIAC.-ACORDO PAGTO CARTOES
588;RENEGOC DIVIDA CARTAO ATIVO
601;CRED EMPRESA-PRE JURO ANTECIP
602;CRED. EMPRESA-PRE.JUR.VEN.
604;CRED. EMPRESA-POS.JUR.MEN.
605;CRED. EMPRESA-PRE.PARC.
606;CRED.EMPRESA-POS PARC.
608;CARTAO CRED ACORDO FATURA PF - DRIVER
610;CAIXA HOSPITAIS PRE
611;CAIXA GIRO SUS
613;CARTAO CREDITO PF - DRIVER
614;CARTAO DE CREDITO BNDES FIN.PARC.JRS/FAT
625;MICROCREDITO PJ
649;FUNGETUR GIRO
650;BCD - MAQ EQUIPAMENTOS-POS
651;HOT MONEY
652;BCD - VEICULOS - POS
653;CREDFROTA - FINAN DE VEICULOS PJ
685;PCE - FINANCIAMENTOS
690;RENEGOCIACAO - PJ - POS
691;RENEGOCIACAO - PJ - PRE
692;RENEGOCIACAO ESPECIAL - PJ
697;PRODUCARD CAIXA - PJ
699;EMPRESTIMOS CONTROLE MANUAL-PJ
701;GIROCAIXA - PJ
702;GIROCAIXA - PJ - REC PIS
703;GIROCAIXA - PJ - REC PIS
704;GIROCAIXA RECURS CAIXA
709;BNDES EXIM PRE-EMBARQUE
710;BNDES AUT-NIV ESP-MIC-PEQ-MED EMP.
711;BNDES AUT-NIV PAD-EMP GR PORT
712;PROGR APOIO HOSP FILAN - BNDES
713;BNDES AUTOMATICO - HOSPITAIS
714;FINAME NIV ESP-MIC-PEQ-MED EMPRESA
715;FINAME NIV PAD-EMP GDE PORTE
716;BNDES REFINANCIAMENTO
717;BNDES GIRO
731;PROGER MICRO PEQ EMPR INV FIXO
732;PROGER MICR P EMP CAP GIR ASS
733;PROGER NOVOS EMPREENDEDORES
734;GIROCAIXA FACIL
746;GIRO CAIXA PRONAMPE
748;FINAME EVENTOS
762;CARTAO CREDIT PARC C. JUROS PF - DRIVER
763;CREDITO ESPECIAL - SETOR PUBLICO
767;CRED ESP EMPRESA-GRANDES CORPOR
776;CRED ESP ST PUBLICO - INVEST
777;CRED ESP EMP - GDES CORP - INVEST
779;CARTAO DE CREDITO BNDES FIN.ROT.RENEG
791;FIN - PARC COM JUROS/PARC FATURA/ACORDO
792;FINANC ROTATIVO E RENEG BNDES
793;OUTROS CR?DITOS BNDES
796;CARTAO DE CREDITO - PF
797;CARTAO DE CREDITO - PJ
805;SFI - PCI - IMOVEL RESIDENCIAL
808;CCCAIXA - SFI - PF-RESIDENCIAL
809;CCCAIXA - SFI - PF-COMERCIAL
811;CCFAT - IMOV NA PLANTA
812;CCFAT AQUISICAO DE IMOV NOVO
813;CCFAT-CONSTRUCA-AQ. TERR. E CONSTRU.
814;CCFGTS - AQUIS MAT CONSTR
815;CCFGTS-CONSTR/AQ TERR E CONSTR/TERM CONS
818;CARTAO CRED RENEG DIVIDA ENQ PF - DRIVER
820;CAIXA CONDOMINIO
826;PCI - PESSOA JURIDICA
827;CCFGTS - IMOV PLANTA-MOLDES PRODECAR
828;IMOVEL PLANTA E-OU RECURSO CX SFI
833;CCFGTS PAR IMOV PLANTA CONSTR NOVO SIACI
834;CCFGTS AS.COHAB/RESOLUCAO 166
835;DEMANDA CARACTERIZADA-PRODECAR
836;CCFGTS-COHAB/RS166 MOLDES PRODECAR
837;AQU.TER.CON AS.CHOAB PRO-CRED
838;AQ.PRD LT URB ASS-COHAB(PRO-CRED) E OUTR
840;IMOVEL PLANTA ASSOCIATIVO FGTS
841;PCI SFI - PESSOA JURIDICA
842;PSH-IMOV PLANTA-REC FGTS-C/INTEG
844;IMOV NA PLANTA - OPERAC ESPEC
848;IMOV PLANT E/OU CONST-REC CAIXA-SFI-DEM
902;CARTAO CREDITO ROTATIVO PF - DRIVER
906;FINANCIAMENTO ROTAT CARTAO-PJ
907;FINANCIAM. PARC.COM JUROS CARTAO-PJ
908;EMPRESTIMO SAQUE CARTAO - PJ
909;FINANCIAM. PARC.COM JUROS CARTAO-PJ
926;CCFGTS-CONST-N/PRODECAR-ANTIG
928;CCCEF - SCI - MOLDES PRODECAR
929;CCCEF - SCI - CONVENIO
930;CCCEF - SCI-CONSTR/AQ TER CONS
931;CCCEF-SCI-IM PROP CX/ADJ/ARR/
932;PCI-CONSTRUCAO-MOLDES PRODECAR
947;CCFGTS - INDIVIDUAL - OPER ESP
949;AQUISICAO TOTAL FGTS
952;CCFGTS - AQ IMOV NOVO OU USADO
954;CCFGTS - CONSTRUCARD FGTS
955;CCFGTS -ADJUD.-ARREMT.-DACAO-LEILAO
956;CCFGTS - PSH - PARCERIA
958;CCCAIXA - LH LONGA-IM.COMERC.
959;CCCAIX-LH LONG-REF AMP IMOV RES
961;SFI - PCI - IMOVEL COMERCIAL
962;SFI - PAI
963;PCI - IMOVEL RESIDENCIAL
964;PCI - IMOVEL COMERCIAL
965;PAI - IMOVEL RESIDENCIAL
966;PAI - IMOVEL COMERCIAL
970;SFH/SBPE - PL.ECONOM.- C/FCVS
971;SFH/SBPE - PL ECONOMIARIO
972;SFH/SPBE - ALOC.RECURS-C/FCVS
973;SFH/SBPE - ALOC.RECURSOS
974;SFH/SBPE-PL EMP.(CONST)-C/FCVS
975;SFH/SBPE-PL EMP.(CONST.REPAS)
976;SFH/SBPE - COOP.HABITACIONAIS
978;SFH/SBPE-COOP.HAB.C/FCV-IM RES
980;SFH/SBPE - CASAS ECON - C/FCVS
982;SFH/SBPE - VERDE TETO - C/FCVS
985;CRED CED SFH/SBPE S/FCVS
986;CRED CED SFH/SBPE C/FCVS
987;SFH/SBPE-VEND PARC VOTO 427/97
988;SFH/SBPE - NORMAL OU N/ESPECIF
989;SFH/SBPE-NORM OU N/ESP-C/FCVS
991;SFH/FGTS-PL EMP(CONS.REP)C/FCVS
992;SFH/FGTS - PL EMP.(CONS.REPASSE)
993;SFH/FGTS - COOP.HABITACIONAIS
994;SFH/FGTS - COOP. HABITAC.- C/FCVS
995;SFH/FGTS - PROHAP - SETOR PRIVADO
996;SFH/FGTS - PROHAP - SETOR PRIVADO - C/FC
997;APL SFH/FGTS - CRED ADQ S/ FCVS
999;APL SFH/FGTS - CRED ADQ C/ FCVS RES
1000;SFH/FGTS - VENDA PARC - VOTO 427/97
1012;SFH/FGTS - NORM OU N/ESPEC C/FCVS
1013;SFH/FGTS - PLANO PAIH
1014;SFH/FGTS - PLANO PAIH - C/FCVS
1016;FDS - PROG HAB CID/TRAB
1017;CART HIPOT - ALOC RECURSOS-IM COM-PF
1018;CART HIPOT - ALOC RECURSOS-RES-PF
1019;CART HIPOT-PL EMP(CONS REP)IM COM
1020;CART HIPOT- PL EMP(CONS REP)IM RES
1021;CART HIPOT- RECUP DE CRED-IM COM
1022;CART HIPOT- RECUP CREDITO - IM RES
1023;CART HIPOT- CONV EM GERAL - IM COM-PF
1024;CRED CED HIPOT IMOV COM-PF
1025;CRED CED HIPOT IMOV RES PF
1027;CART H.VD PARC-IM CEF-COM MAN RES
1029;CART HIPOT - NORM OU N/ESPEC TERR-PF
1030;CART HIPOT- NORM OU N/ESP-IM COM-PF
1031;CART HIPOT- NOR OU N/ESPEC - IM RES-PF
1032;SCICEF - NORM. OU N/ESPECIF - IM COM
1033;SCICEF - NORM OU N/ESPEC - IM RES
1035;RECURSOS CEF NOR OU N/ESP-IM RES
1038;EMPREENDIMENTO CONSTRUCAO (TP 008)
1041;DESCONTOS DE DUPLICATAS
1048;DESCONTO DE DUPLICATAS SINCE
1049;DESCONTO DE CHEQUES PRE-DATADOS SINCE
1060;CAIXA SIMPLES ELO INSS OUTROS CREDITOS
1061;CAIXA SIMPLES ELO INSS ROTATIVO E RENEGO
1062;CREDENCIAMENTO CAIXA CARTOES
1063;CAIXA SIMPLES ELO INSS CREDITO EM CONTA
1064;CAIXA SIMPLES ELO DEMAIS CONV OUTROS CRE
1065;CAIXA SIMPLES ELO DEMAIS CONV ROT E RENE
1066;CARTAO CONSIGNADO VISA PARCELADO
1067;CAIXA SIMPLES ELO DEMAIS CONV CRED CONTA
1072;CONTRATOS CAIXA - PRODUTOS NAO ENQUADRAD
1087;CART HIPT ALOC REC IMV RES - PJ
1088;CART HIP CONV GERAL-IM COM PJ
1089;CRED CED HIPOT IMOV COM PJ
1090;CRED CED HIPOT IMOV RES PJ
1091;CART HIP NORMAL/NAO ESP TER - PJ
1092;CART HIPO NOR/NAO ESP-IM CO-PJ
1093;CART HIP NOR/NAO ESP IM RES PJ
1101;PLAN EMPR CONS REPAS IMOV COMERC
1103;PLAN EMPR CONT CONT MANUAL
1106;CART HIPOTEC PROD RET COM
1107;CART HIPOTEC PROD RET RES
1109;CART HIPOT. CONSTRUC. ISOLADA
1112;CART HIPOTECARIA - SDE
1114;CONSTR. COND. LF 97 TF 46
1117;PRO-CRED FGTS GEACI CONSTRUCAO
1118;PRO-CRED FGTS GEACI REFORMA
1119;PRO-CRED GEACI LOTE URBANIZ
1141;CCFGTS OPERACOES COLETIVAS CAUCAO DE DEP
1142;COLETIVAS OUTRAS GARANTIAS
1143;PARCERIA IMOVEL NA PLANTA
1157;PSH IMOV PLANTA REG METROPOLITANA
1158;PSH-IMOV PLANTA - REG NAO METROPOLITANA
1159;PSH-INDIVID-REGIAO METROPOLITANA
1160;PSH-INDIVID-REGIAO NAO METROPOLITANA
1161;PSH-IM RURAL-REGIAO METROPOLITANA
1162;PSH-IMOV RURAL-REGIAO NAO METROPOLITANA
1171;ALIENACAO DE IMOVEIS DE TERCEIROS
1185;PSH PARCELAM REG NAO METROPOLITANA
1198;PMCMV INDIVIDUAL PF - FGHAB
1199;PMCMV MGE DESLIG. PF - FGHAB
1201;PMCMV MPE DESLIG. PF - FGHAB
1202;PMCMV APOIO A PRODUCAO PF - FGHAB
1235;OPERACAO ESTRUTURADA RENEG COMPESA
1241;CARTAO CRED ALUG PARC S/JUROS ON US DRIV
1242;CARTAO CREDITO TRANSACOES CASH - DRIVER
1243;CCFGTS - PROG MINHA CASA MINHA VIDA
1260;BNDES FINEM ENERGIA ELETRICA
1280;PNHR MORADIA RURAL INDIVIDUAL FAIXA 3
1281;CONSTRUCAO DE MORADIA RURAL INDIV-FGTS
1282;CCSBPE RURAL PESSOA FISICA-RESIDENCIAL
1301;FGTS EMP PROD OP ESP - PJ - RESIDENCIAL
1302;FGTS EMPREEN AQUIS PF IMO RESID
1303;FGTS PRO COT EMPREEN AQUIS PF RESID
1305;SBPE EMPREEN AQUIS PF IMO RESID
1306;SBPE EMPREEN AQUIS PJ IMO COM
1320;RENEG CRED RURAL COMERC AGRIC PF
1324;RENEG CRED RURAL CUSTEIO AGRICOLA PF
1326;RENEG CRED RURAL CUSTEIO PECUARIO PF
1329;RENEG CRED RURAL INVEST AGRICOLA PF
1331;RENEG CRED RURAL INVEST PECUARIO PF
1333;CRED RURAL - INDUSTRIALIZACAO AGRICOLA
1334;CRED RURAL - INDUSTRIALIZACAO PECUARIA
1346;CRED RURAL - PRONAF CUSTEIO AGRICOLA PF
1348;CRED RURAL - PRONAF CUSTEIO PECUARIO PF
1373;ENQUADRAMENTO OP NO SFH - SIAOI
1374;ENQUADRAMENTO OP NO SFH - SIACI
1404;CRED. REAL FACIL CAIXA - IPCA
1407;GIRO FOLHA
1777;IMOVEL PLANTA SFH-REC SBPE
2003;CREDITOS SECURITIZADOS
2010;CPCVA - PF DE PJ EMPREEND. FGTS
2030;PARCERIAS IMOVEL NA PLANTA CARTA DE CRED
2140;PEAC MAQUININHA
2539;MICROCREDITO PJ - CRESCER
2540;MICROCREDITO PJ - EXIGIBILIDADE
2542;MICROCREDITO PRONAMPE PJ
3001;ACC-ACE -ADIANTAMENT.CREDITO EXPORTACAO
3027;CREDITO DE CONTRATO DE CAMBIO BAIXADO
3030;CAIXA HOSPITAIS FGTS
3139;CARTAO DE FIN MOVEIS E ELETRODOMEST PF
3145;FINANC A EXPORTACAO CAIXA-COMP-PJ PRIVAD
3162;PRO-CIDADES - FGTS
4012;HAB OPERACOES DE APOIO TEC FINANC- ATEFI
4013;HAB MERCADO DE HIPOTECAS - MEHIP ST PRI
4014;HAB FINANC AOS AGENTES DO SBPE - ST PRI
4015;HAB DIVERSOS - RENEGOCIACAO DE DEBITOS S
4016;HAB PRO - MORADIA ST PUBLICO FGTS
4097;FINANC INFRAESTRUTURA ST PUB - FINISA 
4099;DES FUND AP DESEN SOC ST PRIV CX
4108;HAB CART.CRED.ASS ENT ST PRIV CX
4109;HAB CES CRED ST PUBL CAIXA
4110;HAB COOP E ASSEM - COOP ST PRIV CX
4111;HAB COOP E ASSEM - COOP ST PRIV CX
4114;HAB CREDITOS ESPECIAIS ST PRIV CX
4115;HAB DEMAND CARACT ST PRIV CAIXA
4117;HAB DIVERSOS - RENEG DEB - ST PRIV - CX
4118;HAB FINANC AGENTES SBPE-ST PRIV CX
4119;HAB HABIT - OUTRAS - ST PRIV CAIXA
4120;HAB HABIT. - OUTRAS - ST PRIV CAIXA
4123;HAB OPER COMPLEM - ST PRIV CAIXA
4124;HAB OP.APOIO TEC FIN- ATEFI PRIV CX
4125;HAB PLAN ACAO IMED - PAIH ST PRIV CX
4126;HAB PLAN EMPR POP - PEP ST PRIV CX
4127;FINANC A PROD EMPREST PJ - REC FGTS
4128;DES PRODURB ST PRIV ENT CAIXA
4129;HAB CCFGTS ASS ESP ST PRIV ENT CAIXA
4130;HAB PROHAP-SET PRIV-PRHPPV PRIV CX
4131;HAB PROHAP-ST PUB-PRHPPB PRIV CX
4132;HAB PROHAP - SETOR PUBLICO - PRHPPB S
4133;HAB SH - PL.EMPRES - SHPEMP PRIV CX
4134;OPER ESTRUT SANEAMENTO - BNDES PRIV
4135;CER - REPASSE - PNAFE
4136;DES FUNDO APOIO DESENVOLVIMENTO SOCIAL S
4137;DES FUNDO APOIO DESENVOLVIMENTO SOCIAL S
4138;DES PROG DESENV URBANO ST PUBL
4139;DES PROGRAMA DE DESENVOLVIMENTO URBANO
4142;DES PROGRAMA DE DESENV. URBANO PUBLICO
4143;DES PROGRAMA DE DESENVOLVIMENTO URBANO P
4144;FINISA - OPERACOES ESPECIAIS - SETOR PUB
4145;FINANC SANEAMENTO ST PRIV - FINISA
4149;DES PROG PRO-COMUN ST PUBL CAIXA
4153;HAB COOPERATIVA E ASSEMELHADOS - COOPAS
4154;FINISA INFRAESTRUTURA - SETOR PRIVADO
4155;HAB - DIVERSOS RENEGOCIACAO DE DEBITOS L
4156;HAB - DIVERSOS RENEGOCIACAO DE DEBITOS L
4157;HAB - DIVERSOS - RENEGOCIACAO DE DEBITOS
4158;HAB - DIVERSOS - RENEGOCIACAO DE DEBITOS
4159;FINANC INFRA HAB ST PRIV - FINISA
4160;INFRA OPERACOES COM RECURSOS FDNE
4161;HAB HABITACAO - OUTRAS - ST PUBL CAIXA
4162;HAB HABITACAO - OUTRAS SET PUBLICO CAIXA
4163;HAB - MERCADO DE HIPOTECAS - MEHIP SETOR
4164;HAB MERCADO DE HIPOTECAS - MEHIP ST PUBL
4165;HAB OPERACOES COMPLEMENTARES - OCOMP SET
4166;HAB OPERACOES COMPLEMENTARES - OCOMP ST
4167;HAB OPERACOES DE APOIO TEC FINANC- ATEFI
4168;HAB PLANO ACAO IMEDIATA - PAIH SETOR PUB
4169;HAB DIVERSOS - RENEG DEBITOS PUBL L 8727
4170;SAN FINANCIAMENTOS PARA SANEAMENTO ST PU
4171;SAN FINANCIAMENTO PARA SANEAMENTO PUBL
4172;SAN FINANCIAMENTO CONCESSIONARIO PRIVADO
4174;HAB DIVERSOS - RENEGOCIACAO DE DEBITOS
4176;FINANCIAMENTO PARA SANEAMENTO PUBL L 872
4177;SAN FINANC PARA SANEAMENTO ST PRIV CAIXA
4178;SAN FINANCIAMENTOS PARA SANEAMENTO ST P
4179;SAN PROGR. DE CAPIT. DE EMPRESAS DE SANE
4180;SAN PRO-SANEAMENTO ST PUBL CAIXA
4181;SAN FINANCIAMENTO PARA SANEAMENTO ST PUB
4182;SAN FINANCIAMENTOS SANEAMENTO ST PRI
4183;SAN FINANCIAMENTOS PARA SANEAMENTO PUBL
4185;HAB PROHAP - SETOR PUBLICO - PRHPPB ST
4186;SAN FINANCIAMENTOS PARA SANEAMENTO SETOR
4189;SAN PRO-SANEAMENTO ST PUBL STN
4190;SAN FINANC PARA SANEAMENTO ST PUB
4200;IMOVEL NA PLANTA REC. CAIXA
4206;PRO-COMUNIDADE
4258;OPER ESTRUT RODOVIA - BNDES PRIV
4262;DES PROGRAMA DE DESENVOLVIMENTO URBANO S
4331;HAB PROHAP - SETOR PUBLICO - PRHP
4397;DES PRO-TRANSP-ST PUB-OR FGTS-ENT CAI
4406;SIACI - ADM CONTR RFFSA
4407;SIACI - ADM CONTR SUFRAMA
4413;SIACI - ADM CONTR CODEVASF
4414;SIACI - ADM CONTR IMOV FUNC - BACEN
4416;SIACI - ADM CONTR BACEN COMIND
4417;SIACI - ADM CONTR DNER
4418;SIACI - ADM CONTR ECT
4419;SIACI - ADM CONTR EMBRATEL
4420;SIACI - ADM CONTR GEIPOT
4421;SIACI - ADM CONTR BACEN HASPA
4422;SIACI - ADM CONTR IBAMA
4423;SIACI - ADM CONTR IMOV FUNC - UNIAO
4424;SIACI - ADM CONTR INCRA
4425;SIACI - ADM CONTR INFRAERO
4426;SIACI - ADM CONTR INPI
4427;ADM CONTR IMOVEL FUNC INSS
4428;SIACI - ADM CONTR IRB
4429;SIACI - ADM CONTR RADIOBRAS
4434;CRED ADQ APEPE C/ FCVS - STC 335/435 - S
4435;CRED ADQ APEPE S/ FCVS - STC 335/435 - S
4437;CRED ADQ BAM. C/ FCVS - STC 321/421 - ST
4439;CRED ADQ BAM.S/ FCVS - STC 321/421 - STS
4445;CRED ADQ BAND.C/ FCVS - STC 327/427 - ST
4447;CRED ADQ BAND.S/ FCVS - STC 327/427 - ST
4449;CRED ADQ BANEB C/ FCVS - STC 322/422 - S
4452;CRED A.DQ BANORTE C/ FCVS - STC 323/423
4454;CRED A.BAN.S/FCVS STC 323/423 STS 423
4458;HAB FAT CONSTRUTORA
4460;CRED ADQ BEC C/ COB FCVS - STC 324/424 -
4462;CRED ADQ BEC S/ FCVS - STC 324/424 - STS
4464;CRED ADQ BEM C/ FCVS - STC 320/420 - STS
4466;CRED ADQ BEM S/ FCVS - STC 320/420 - STS
4472;DES PRO-TRANSP ST PRIV-OR FGTS ENT CAIXA
4476;CRED A.CEHOP C/ FCVS - STC 357/457 - STS
4478;CRED ADQ CEHOP S/ FCVS - STC 357/457 - S
4480;CRED ADQ COHAB/CE C/ FCVS - STC 350/450
4482;CRED ADQ COHAB/CE S/ FCVS - STC 350/450
4486;OPERACAO DE CREDITO - GOVERNO DA BAHIA
4492;CRED ADQ COHAB/PE C/ FCVS - STC 351/451
4494;CRED ADQ COHAB/PE S/ FCVS - STC 351/451
4496;CRED ADQ COHAB/RO C/ FCVS - STC 356/456
4500;CRED ADQ COHAB/RS C/ FCVS - STC 352/452
4502;CRED ADQ COHAB/RS S/ FCVS - STC 352/452
4505;CRED ADQ COHAB/SC S/ FCVS - STC 353/453
4508;CRED ADQ ECONOMICO S/ FCVS - STC 325/425
4509;CRED ADQ ECONOMICO C/ FCVS - STC 325/425
4510;CREDITO SOLIDARIO FDS
4511;CCCAIXA REFORMA - COMERCIAL
4513;CCCAIXA REFORMA - RESIDENCIAL
4515;CCCAIXA CONSTR - RESIDENCIAL
4521;CCCAIXA LOTE URB - COMERCIAL
4523;CRED ADQ RONDONPOUP S/ FCVS - STC 331/43
4525;CRED ADQ RONDONPOUP C/ FCVS- STC 331/431
4527;CRED ADQ SULCAIXA S/ FCVS - STC 326/426
4529;CRED ADQ SULCAIXA C/ FCVS- STC 326/426 -
4531;FCP-OPER ESTRUT PORTOS - BNDES PRIV
4532;FCP-OPER ESTRUT ENERGIA - BNDES PRIV
4538;CRED ADQ BANEB C/COBERT FCVS STC322/422
4539;CRED ADQ COHAB/SC C/COBERT FCVS STC 353/
4547;CRED CED SFH S/ FCVS STC701 CX
4548;CRED CED SEGR FGTS S/FCVS AT CX
4553;SIACI - ADM CONTRATOS DNOCS
4560;CRED ADQ BAMERINDUS SEM FCVS - PJ
4568;CREDITO IMOVEL PROPRIO CAIXA
4569;REAL FACIL CAIXA TR OU PREFIXADA
4570;CC CAIXA ESPECIAL-CENTRUS
4575;CC CAIXA ESPECIAL QUIT - FUNCEF
4576;CC CAIXA ESPECIAL QUIT - PREVI
4611;PROGRAMA APOIO PRODUCAO HABITACAO - PF
4612;CCFGTS-IMOVEL NA PLANTA-DESEMB PARCELADO
4613;CCCAIXA-IMOVEL PLANTA-DESEMB PARCELADO
4614;IMOVEL NA PLANTA- PRECO DE CUSTO
4616;CCSBPE SFH AQ NOVO E USADO
4617;AQ. IMOVEL RES. NOVO/USADO PREFIXADO
4618;CCSBPE SFH AQ TERRENO CONSTRUCAO
4620;CCSBPE SFH CONSTR TERRENO PROPRIO
4629;SANEAMENTO PARA TODOS - ST PUBLICO
4630;SANEAMENTO PARA TODOS - ST. PRIVADO
4631;SANEAMENTO PARA TODOS - LOCACAO DE ATIVO
4635;ECONOMICO - CONTRATO PESSOA JURIDICA
4641;CCSBPE TX MERCADO CONST TERR PROP COM
4642;CCSBPE TX MERC AQ NOVO E USADO
4643;CCSBPE TX MERC AQ NOVO E USADO COM
4646;CCSBPE TX MERCADO AQ TERR E CONST RES
4647;CCSBPE TX MERCADO AQ TERR E CONST COM
4648;CCSBPE TX MERCADO REF AMPL RES
4649;CCSBPE TX MERCADO REF AMPL COM
4650;CCSBPE TX MERCADO LT URB RES
4651;CCSBPE TX MERCADO LT URB COM
4652;CCSBPE TX MERCADO CONST TERR PROP RES
4653;CC CAIXA ESPECIAL QUIT FAELBA
4654;CC SBPE AQ IMOV RESID LEILAO EMGEA
4655;CC SBPE AQUIS IMOV RESID EMGEA
4680;CAMINHO DA ESCOLA
4681;FINAN A PROD MPE SBPE EMPR RESID PJ
4682;FINANC A PRODUCAO EMPREST PJ - REC SBPE
4687;FINANC PRODUCAO EMPREST PF - REC SBPE
4690;INFRAESTRUTURA-OP ESTR-TES NAC-ST PUB
4698;CRED IMOBILIARIO-PJ-AQUIS IMOV
4699;SIACI-ADM CRED CED PREVHAB-C/FCVS
4700;SIACI-ADM.CRED CED PREVHAB - S/FCVS
4708;PROCOTISTA FGTS AQUIS. IMOVEL NOVO USADO
4709;PRO COTISTA FGTS - IMOVEL NA PLANTA
4721;CC SBPE AQUIS IMOV COMERC EMGEA
4722;CC SBPE AQUIS IMOV COM CAIXA
4726;CAP GIRO CONSTRUTORAS - CUSTO TOTAL PROD
4736;OPER ESTRUT ENERGIA - FAT PUB
4737;OPER ESTRUT ENERGIA - FAT PRIV
4740;FCP-OPER.ESTRUT.ENERGIA - CAIXA PRIV.
4745;CARTEIRAS COM. - RESOLUCAO 3.533/08
4758;APOIO A PRODUCAO PJ COM ANTECIPACAO-FGTS
4774;PNHR - MORADIA RURAL - FAIXA 2
4779;PNHR - GIII - CLASSES A
4780;PNHR - GIII - CLASSE B
4781;CAP GIRO CONSTRUTORAS - CART RECEBIVEIS
4783;OP. ESTRUT. EM ENERGIA - ST.PUB. - BNDES
4785;OP. ESTRUT. INFR ESTR- ST.PUBLICO-BNDES
4815;PEC - MGE - RECURSOS FGTS
4816;PEC - MGE - RECURSOS SBPE
4817;PLANO EMP CONSTRUCAO CIVIL - MGE
4818;PLANO EMPR CONST CIVIL - MGE
4821;MGE-SBPE-FORA SFH POS FIXADA COM.DESL.PJ
4822;MGE-SBPE-FORA SFH POS FIXADA COM.DESL.PF
4823;MGE-SBPE-FORA SFH POS FIXADA DESLIG.PF
4825;MGE-SBPE-SFH POS FIXADA DESLIG. PF
4826;MGE - FGTS-PROCOTISTA DESLIG. PF
4827;MGE - FGTS-PMCMV DESLIGAMENTO - PF
4828;MPE-SBPE-FORA DO SFH POS FIXADA DESL. PF
4830;MGE - FGTS DESLIGAMENTO - PF
4831;FINAN A PROD MPE SBPE DESLIG RESID PF
4836;DES - FINANC DES URBANO - BIRD - ST PRIV
4850;VEICULOS-CARTEIRAS ADQUIRIDAS
4851;CART ADQ CONSIG BMB
4852;VEICULO CART.ADQ.SEM COOBRIGACAO-COLIGAD
4854;CONSIG. CART. ADQ. SEM COOBRIG. COLIGADA
4860;FCP - INFRAESTRUTURA PORTUARIA - SETOR P
4866;PROGR CONSTRUIR CAIXA PJ IMOVEL RESID
4867;PROG CONSTRUIR CAIXA PJ IMOVEL COM
4872;FINAN A PROD MPE FGTS EMPR RESID PJ
4873;FINAN A PROD MPE SBPE EMPR COMER PJ
4876;FINAN A PROD MPE SBPE EMPR MISTO PJ
4878;FINAN A PROD MPE FGTS DESLIG RESID PF
4879;FIN IMOV COM ALOCACAO RECURSOS PF SBPE
4880;FIN IMOV COM ALOCACAO RECURSOS PJ SBPE
4883;C CRED SBPE AQ IM RES NOVO/USAD FORA SFH
4889;INFRA OP. ESTRUTURADAS-TES NAC-ST PUBL
4890;CART CRED IMOB-SEM COOBRIG-PRE-FIXADO
4891;CART CRED IMOB-SEM COOBRIG-POS-FIXADO
4892;CART CRED REFINANC-SEM COOBR-PRE-FIXADO
4893;CART CRED REFINAN-SEM COOBR-POS-FIXADO
4894;FINISA-MODAL 9 N-RES CMN 2827-ST PUB
4898;FINANCIAMENTO FUNDO DA MARINHA MERCANTE
4900;CRED IMOB-PJ-PO-SFIXADOS-SEM COOBRIGACAO
4905;INFRAESTRUTURA - FDNE - SETOR PRIVADO
4909;SANEAMENTO - FDNE - SETOR PRIVADO
4915;OPERACOES COM RECURSOS DO FMM-ST PUBLICO
4917;OPERACOES ESTRUTURADAS-ST PRIV-BNDES
4919;CRED IMOB-ALTA RENDA-PF-SEM COOBRIGACAO
4926;FINANC OPER ESPECIAIS ST PRIV - FINISA
4928;CONTR FIANCA SBPE CONST/INCORP ATRAS OBR
4929;CREDITO INVESTIMENTOS CORPORATE - FDCO
4933;FINISA-INFRA BENS EQUIP-COMP CAIXA ST PR
4934;FINISA-SAN BENS EQUIP-COMP CAIXA-ST PRIV
4937;PARC - IP - C.C.ASSOC. - REC FGTS - MCMV
4938;INFRA OP. FDCO SETOR PRIVADO
4954;SBPE SFH - AQUIS DE IMOVEL RESIDENCIAL
4968;PMCMV FAIXA I RECURSOS FAR COM DESCONTO
4970;PMCMV FAIXA I RECURSOS FAR COM DESCONTO
4972;FINISA - PROG INVEST - PUBLICO
5014;FINANC EMPREENDIMENTO VILA PAN
5231;INFRAESTRUTURA P/ EMPREEND HABITABIT
5238;TVM - DEBENTURES POS-FIXADAS
5600;C C PJ - OUTROS CREDITOS
5601;C C PJ - EMPR ROT E RENEG
5602;C C PJ - EMPR PARC JUROS/PARC FAT
5603;C C PJ - EMPR SAQUE NAC/INT
5613;BNDES CAIXA CREDITO SIEMP
5614;CARTAO DE CREDITO PF ELO
5615;CART CRED ELO PF-EMPRESTIMOS-ROT E RENEG
5616;C C ELO PF-EMPR-PARC. JUROS/FAT PORT 3
5617;CARTAO DE CREDITO-ACORDO FAT HIBRIDO PJ
5619;CARTAO CREDITO-PARC COM JUROS HIBRIDO PJ
5620;CARTAO CREDITO-RENEG DIV ENQ HIBRIDO PJ
5621;CARTAO DE CREDITO - ROTATIVO HIBRIDO PJ
5634;CART CRED ELO PF-EMPREST-SAQ NAC/INTERN
5640;CARTAO CREDITO OPERACAO A VISTA ON US PF
5642;APLIC BACEN COMIND CART CAIXA
5660;CARTAO DE CREDITO OPERACOES PCJ ON US PF
5786;PCVA - AQUSICAO PF - FGTS
5787;PCVA - CONSTRUCAO PF - FGTS
5816;PMCMV FGTS AQUIS DE IMOVEL RESID.NOVO
6033;CONSORCIO IMOBILIARIO - CONSTRUCAO
6166;TVM DEBENTURES - PRE- FIXADAS
6168;CREDITO RURAL-PRONAMP INVEST PECUARIO PJ
6169;CREDITO RURAL-PRONAMP INVEST PECUARIO PF
6170;CREDITO RURAL-PRONAMP INVEST AGRICOLA PF
6171;CREDITO RURAL-PRONAMP INVEST AGRICOLA PJ
6172;C RURAL-LCA RL-COMERCIALIZACAO AGR-PF
6173;C RURAL-LCA RL-COMERCIALIZACAO AGR PJ
6176;CREDITO RURAL - FEPM AGRICOLA- PJ
6177;CREDITO RURAL - FEPM AGRICOLA - PF
6178;CRED RURAL - FEPM AGRICOLA- COOPERATIVA
6179;CREDITO RURAL - FEE AGRICOLA - PJ
6180;CREDITO RURAL - FEE AGRICOLA - PF
6181;CRED RURAL - FEE AGRICOLA - COOPERATIVA
6182;CRED RURAL-ADIANT COOPERADOS - AGRICOLA
6183;CRED RURAL - ADIANT COOPERADOS-PECUARIA
6185;CREDITO RURAL - FEE PECUARIA - PF
6189;CR. RURAL - POS CDI - INVEST. PEC PJ
6191;CRED RURAL CAIXA?PRONAMP?CC?CUSTEIO AGR
6192;CRED RURAL CAIXA?PRONAMP?CC?CUSTEIO PEC
6194;C RURAL-LCA RL-COMERCIALIZACAO PEC-PJ
6195;CRED RURAL CAIXA?PRONAMP?CUST AGRI PF
6196;CRED RURAL CAIXA?PRONAMP?CUST AGRIC PJ
6197;CRED RURAL CAIXA?PRONAMP?CUSTEIO PEC PF
6198;CRED RURAL CAIXA?PRONAMP?CUSTEIO PEC PJ
6205;CR. RURAL - POS CDI - INVEST. AGR PF
6206;CR. RURAL - POS CDI - INVEST. PEC PF
6209;CRED RURAL CAIXA-INVEST AGRICOLA-PF
6210;CRED RURAL CAIXA-INVEST AGRIC-PJ
6213;CRED RURAL CAIXA-INVEST PECUARIO-PF 
6214;CRED RURAL CAIXA-INVEST PECUARIO-PJ
6216;CRED RURAL PRONAF- INVEST PEC PF
6218;CRED RURAL PRONAF - INVEST AGR PF
6219;C RURAL - LCA RL - CUSTEIO AGRICOLA PF
6220;C RURAL - LCA RL - CUSTEIO AGRICOLA PJ
6221;CREDITO RURAL CAIXA?PRONAF?COOP CRED-CP
6222;C RURAL PRONAF COOP DE CRED CUSTEIO AGR
6223;CREDITO RURAL-FGPP PECUARIA-COOPERATIVA
6224;CRED RURAL-FGPP PEC-BEN, AGRO E CER-PJ
6225;CREDITO RURAL-FGPP AGRICOLA-COOPERATIVA
6226;CRED RURAL-FGPP AGRIC-BEN, AGRO E CER-PJ
6230;CR RURAL RL INDUSTRIALIZACAO AGRICOLA
6231;CR RURAL RL INDUSTRIALIZACAO PECUARIA
6238;BNDES RURAL - AGRICULTURA PF PRE-FIXADA
6240;BNDES RURAL - PECUARIA PF PRE-FIXADA
6241;BNDES RURAL - PECUARIA PJ PRE-FIXADA
6242;CR. RURAL - R. LIVRES - COMERC. AGR. PF
6244;CR. RURAL - REC. LIVRES - CUSTEIO AGR PF
6245;CR. RURAL - REC. LIVRES - CUSTEIO PEC PF
6246;CR. RURAL - R. LIVRES - INVEST. AGR PF 
6247;CR. RURAL - R. LIVRES - INVEST. PEC PF
6250;CR. RURAL - R. LIVRES - COMERC. AGR. PJ
6251;CR. RURAL - R. LIVRES - COMERC. PEC. PJ
6252;CR. RURAL - REC. LIVRES - CUSTEIO AGR PJ
6253;CR. RURAL - REC. LIVRES - CUSTEIO PEC PJ
6254;CR. RURAL - R. LIVRES - INVEST. AGR PJ
6255;CR. RURAL - R. LIVRES - INVEST. PEC PJ
6288;C RURAL - LCA RL - CUSTEIO PECUARIO PF
6289;C RURAL - LCA RL - CUSTEIO PECUARIO PJ
6290;C RURAL - LCA RD - CUSTEIO AGRICOLA PF
6291;C RURAL LCA RD - CUSTEIO AGRICOLA PJ
6327;RENEG FINANC BNDES OE INFRAESTRUTURA
6364;APOIO A PROD FINANC.A PJ SBPE COMERCI
6365;SBPE FORA SFH INDIVID CONSTRUCAO PJ
6366;SBPE FORA SFH IND REF AMPL PJ
6367;AQU. DE UNID. CO.POS FIX FORA SFH PJ SBP
6368;PMCMV FGTS CONST EM TERR PROP./AQ TERR.
6369;PARC. CCFGTS OP COLET.OUTRAS GARA REFO
6370;PNHR MORADIA RURAL FAIXA 2 REFORMA
6371;PROG NACIO. HAB RUR. G III CLASSE A REFO
6372;PROG NAC DE HAB RURAL G III CLASSE B REF
6373;CCFGTS OPERACOES COLETIVAS CAUCAO REFO
6374;SFI PCI IMOVEL RESIDENCIAL CONSTRUCAO
6375;CCCAIXA SFI PF RESIDENCIAL CONSTRUCAO
6376;CCCAIXA SFI PF COMERCIAL CONSTRUCAO
6377;CCCEF SFI MOLD. PRODECAR REFOR.E/OU AMPL
6378;CCCEF SFI CONVENIO CONSTRUCAO
6380;CCFGTS INDIV. OPERACOES ESP. CONSTRUCAO
6381;CCCAIXA LH LONGA IMOV. COM. CONSTR
6382;CCCAIXA LH LONGA IMO. COM. REFOR.AMPLIAC
6383;PCI IMOVEL RESIDENCIAL CONSTRUCAO
6395;PROCOT. FGTS CONST.EM TERR.PROP/AQU TERR
6404;CCSBPE TX POS SFH REFOR.AMPL. IMO.RES.
6406;MACRO HEDGE - CREDITO
6412;PCVA - AQUISICAO PF ADJ/ARR LEILAO CAIXA
6414;C RURAL - LCA - INVEST. AGRICOLA PF
6415;C RURAL - LCA - INVEST. PECUARIO PF
6416;CREDITO RURAL CAIXA - LCA - INVESTIMENTO AGRICOLA 
6419;C RURAL - LCA - INDUST. PECUARIO PJ
6429;AQ. IMOVEL RESIDENCIAL NOVO/USADO IPCA
6469;APOIO A PRODUCAO IPCA PJ - RESID
6470;PEC IPCA - PJ - RESID
6471;APOIO A PRODUCAO DI PJ RESID 
6472;PEC DI PJ - RESID
6486;EMPRESTIMO COM GARANTIA DE IMOVEL PREFIX
6492;CONSTRUCAO EM TERREO PROP. PREFIX
6493;AQUISICAO DE TERRENO E CONSTRUCAO PREFIXADO
6495;POUPANCA CAIXA - SBPE -  AQUISICAO TERRENO
6496;POUPANCA CAIXA - SBPE CONSTRUCAO TERRENO
6497;POUPANCA CAIXA - SBPE -  AQUISICAO
6498;POUPANCA CAIXA - SBPE - REFORMA/AMP
6900;FINAN RURAL COOPERAT DE CRED-CUST AGRIC
6901;FINAN RURAL COOPERAT DE CRED-CUST PECUAR
6902;FINAN RURAL COOPERAT CRED-INVEST AGRIC
6904;FINAN RURAL COOPERAT DE PROD-CUST AGRIC
6905;FINAN RURAL COOPERAT DE PROD-CUST PECUA
6906;FINAN RURAL COOPERAT PROD-INVEST AGRIC
6907;FINAN RURAL COOPERAT PROD-INVEST PECUA
6908;FINANCIAMENTO RURAL-INVEST PECUARIO PF
6909;FINANCIAMENTO RURAL - INVEST PECUARIO PJ
6910;FINANCIAMENTO RURAL-CUSTEIO AGRICOLA PF
6911;FINANCIAMENTO RURAL-CUSTEIO AGRICOLA PJ
6912;FINANCIAMENTO RURAL - CUSTEIO PECURIO PF
6913;FINANCIAMENTO RURAL-CUSTEIO PECUARIO PJ
6914;FINANCIAMENTO RURAL-INVEST AGRICOLA PF
6915;FINANCIAMENTO RURAL - INVEST AGRICOLA PJ
7002;CONSTRUCARD
7011;CREDITO PESSOAL PARCEL PRE
7032;MICROCREDITO REPASSE - EXIGIBILIDADE
7044;CREDITO AUTO CAIXA
7110;CONSIGNACAO CAIXA
7300;CAIXA HOSPITAIS
7302;CAIXA GIRO SUS
7427;NCE/CCE - PJ - SETOR PUBLICO - POS
7430;NCE/CCE - PJ - SETOR PRIVADO - POS
7600;CRED ESP EMP - PRE - FORN GDES CORP -MPE
7605;CREDITO ESPECIAL EMPRESA - PRE - MPE
7607;GIROCAIXA FGI
7615;GIRO CAIXA EMPRESARIAL
7630;CRED ESP EMP ? PARC ? PRE ? FORN GDES CO
7751;PMCMV INDIVIDUAL PF CONS TER PROP E AQ
8700;CART CRED MASTERCARD PF OUTROS CREDITOS
8701;CART CRED MASTERCARD PF EMPR ROTAT E REN
8702;CART CRED MASTERCARD PF EMPR PARC JUROS
8704;CART CRED MASTERCARD PF EMPR SAQ NAC INT
8710;CART CRED VISA PF - OUTROS CREDITOS
8711;CART CRED VISA PF EMPR ROTAT E RENEGOC
8712;CART CRED VISA PF EMPR PAR JUR FAT PORT3
8714;CART CRED VISA PF EMPR SAQUE NAC INTER
8717;CARTAO DE CRED JCB PF - OUTROS CREDITOS
8718;CARTAO DE CRED JCB PF-EMPREST-ROTATIVO
8719;CARTAO DE CRED JCB PF-EMPREST-PARCELADO
8720;CARTAO DE CRED JCB PF - EMPREST-SAQUES
8801;CARTAO DE CREDITO ELO PF-OUTROS CREDITOS
8917;SAQUE CASH INTERNACIONAL - PJ
8919;SAQUE CASH INTERNACIONAL - PF
9933;REINTERNALIZ CARTEIRA-BCO EMGEA-COM FCVS