CO_UNIDADE;NO_UNIDADE
2;PLANALTO, DF
3;AEROPORTO PRESIDENTE JK, DF
4;BERNARDO SAYAO, DF
5;CONGRESSO, DF
6;MEXICO, DF
7;JOSE SEABRA, DF
8;TAGUATINGA, DF
9;ALMIRANTE SANDERSON DE QUEIROZ, DF
10;HOSPITAL FORCAS ARMADAS - HFA, DF
11;MONTESE, DF
12;ANHANGUERA, GO
13;24 DE OUTUBRO, GO
14;ANAPOLIS, GO
15;ITUMBIARA, GO
16;PAIAGUAS, MT
17;CENTRO CAMPO GRANDE, MS
18;CORUMBA, MS
19;FAXINAL DOS GUEDES, SC
20;VITORIA-REGIA, AM
22;CIRIO, PA
23;ABAETETUBA, PA
24;BRAGANCA, PA
25;CAPANEMA, PA
26;SANTAREM, PA
27;GONCALVES DIAS, MA
28;CAXIAS, MA
29;CONSELHEIRO SARAIVA, PI
30;PARNAIBA, PI
31;IRACEMA, CE
32;JUAZEIRO DO NORTE, CE
33;RIBEIRA, RN
34;ALECRIM, RN
35;POTIGUAR, RN
36;CABO BRANCO, PB
37;TRINCHEIRAS, PB
38;BANANEIRAS, PB
39;CABEDELO, PB
40;CAJAZEIRAS, PB
41;CAMPINA GRANDE, PB
42;GUARABIRA, PB
43;PATOS, PB
44;MAMANGUAPE, PB
45;AV GUARARAPES, PE
46;AFOGADOS, PE
47;AEROPORTO RECIFE, PE
48;ENCRUZILHADA, PE
49;CASA AMARELA, PE
50;CAIS DO APOLO, PE
51;CARUARU, PE
52;GARANHUNS, PE
53;LIMOEIRO, PE
54;NAZARE DA MATA, PE
55;ROSA DA FONSECA, AL
56;ARAPIRACA, AL
57;PALMEIRA DOS INDIOS, AL
58;PENEDO, AL
59;SERIGY, SE
60;MARCELO MONTALVAO, SE
61;DAS MERCES, BA
62;CALCADA, BA
63;COMERCIO, BA
64;BAIXA DOS SAPATEIROS, BA
65;ALAGOINHAS, BA
66;AMARGOSA, BA
67;CACHOEIRA, BA
68;FEIRA DE SANTANA, BA
69;ILHEUS, BA
70;ITABUNA, BA
71;JEQUIE, BA
72;NAZARE, BA
73;SANTO AMARO, BA
74;SAO GONCALO DOS CAMPOS, BA
75;EUNAPOLIS, BA
76;SENHOR DO BONFIM, BA
77;SERRINHA, BA
78;NOSSA SENHORA DO AMPARO, BA
79;VITORIA DA CONQUISTA, BA
80;JUAZEIRO, BA
81;TUPINAMBAS, MG
82;BARREIRO, MG
83;BARRO PRETO, MG
84;SECULO, MG
85;INCONFIDENCIA, MG
86;FLORESTA, MG
87;HORTO FLORESTAL, MG
89;PADRE EUSTAQUIO, MG
90;IMPERADOR, MG
91;SAVASSI, MG
92;RENASCENCA, MG
93;SANTA EFIGENIA, MG
94;GUAJAJARAS, MG
95;ALFENAS, MG
96;ARAGUARI, MG
97;ARAXA, MG
98;BAEPENDI, MG
99;BARBACENA, MG
100;BOA ESPERANCA, MG
101;CAMBUQUIRA, MG
102;CAMPANHA, MG
103;CAMPO BELO, MG
104;CARANDAI, MG
105;CARANGOLA, MG
106;CARATINGA, MG
107;CASSIA, MG
108;CATAGUASES, MG
109;CAXAMBU, MG
110;CONCEICAO DO RIO VERDE, MG
111;CURVELO, MG
112;DIAMANTINA, MG
113;DIVINOPOLIS, MG
114;ELOI MENDES, MG
115;FORMIGA, MG
116;GOVERNADOR VALADARES, MG
117;GUAXUPE, MG
118;HORTO DE IPATINGA, MG
119;ITABIRA, MG
120;ITABIRITO, MG
121;ITAJUBA, MG
122;ITANHANDU, MG
123;ITAPECERICA, MG
124;ITAUNA, MG
125;ITUIUTABA, MG
126;MANCHESTER, MG
127;CONSELHEIRO LAFAIETE, MG
128;LAMBARI, MG
129;LAVRAS, MG
131;MANHUACU, MG
132;MONTES CLAROS, MG
133;MURIAE, MG
134;NOVA LIMA, MG
135;OLIVEIRA, MG
136;OURO PRETO, MG
137;PARA DE MINAS, MG
138;PARACATU, MG
139;PARAGUACU, MG
140;PASSA QUATRO, MG
141;PASSOS, MG
142;PATOS DE MINAS, MG
143;PATROCINIO, MG
144;PEDRO LEOPOLDO, MG
145;POCOS DE CALDAS, MG
146;PONTE NOVA, MG
147;POUSO ALEGRE, MG
148;SANTANA DO JACARE, MG
149;SANTOS DUMONT, MG
150;SAO GONCALO DO SAPUCAI, MG
151;SAO JOAO DEL REI, MG
152;SAO LOURENCO, MG
153;SAO SEBASTIAO DO PARAISO, MG
154;SETE LAGOAS, MG
155;TEOFILO OTONI, MG
156;TRES CORACOES, MG
157;TRES PONTAS, MG
158;TUPACIGUARA, MG
159;UBA, MG
160;UBERABA, MG
161;UBERLANDIA, MG
162;TUBAL VILELA, MG
163;VARGINHA, MG
164;VICOSA, MG
165;VIRGINIA, MG
166;VISCONDE DO RIO BRANCO, MG
167;BEIRAMAR, ES
168;ENSEADA, ES
169;ALEGRE, ES
170;AFONSO CLAUDIO, ES
171;CACHOEIRO DE ITAPEMIRIM, ES
172;COLATINA, ES
173;VILA VELHA, ES
174;NITEROI, RJ
175;ICARAI, RJ
176;BARRA MANSA, RJ
177;BARRA DO PIRAI, RJ
178;BOM JESUS DO ITABAPOANA, RJ
179;CABO FRIO, RJ
180;CAMPOS, RJ
181;DUQUE DE CAXIAS, RJ
182;ITAPERUNA, RJ
183;MAGE, RJ
184;MACAE, RJ
185;NOVA IGUACU, RJ
186;NOVA FRIBURGO, RJ
187;NILOPOLIS, RJ
188;PETROPOLIS, RJ
189;RESENDE, RJ
190;SAO JOAO DE MERITI, RJ
191;SANTO ANTONIO DE PADUA, RJ
192;SAO FIDELIS, RJ
193;TERESOPOLIS, RJ
194;SAO GONCALO, RJ
195;TRES RIOS, RJ
196;VASSOURAS, RJ
197;VOLTA REDONDA, RJ
198;LARGO DA CARIOCA, RJ
199;ALMIRANTE TAMANDARE, RJ
200;ANCHIETA, RJ
201;ANDARAI, RJ
202;BANDEIRA, RJ
203;BANGU, RJ
204;BARATA RIBEIRO, RJ
205;BONSUCESSO, RJ
206;BOTAFOGO, RJ
207;AV LOBO JUNIOR, RJ
208;FREIRE ALEMAO, RJ
209;GUANABARA, RJ
210;CASCADURA, RJ
211;LARANJEIRAS, RJ
212;COPACABANA, RJ
213;DEODORO, RJ
214;PALACIO DO EXERCITO, RJ
215;GALEAO, RJ
216;COCOTA, RJ
217;INHANGA, RJ
218;LEBLON, RJ
219;MADUREIRA, RJ
220;PAP VASSOURAS
221;MEIER, RJ
222;PALACIO DA FAZENDA, RJ
223;NOVA SETE DE SETEMBRO, SP
224;PENHA, RJ
225;PILARES, RJ
226;URCA, RJ
227;SAO LUIS REI DE FRANCA, MA
228;SAENS PENA, RJ
229;SANTA CRUZ, RJ
230;VILA ESPANHOLA, SP
231;14 BIS, RJ
232;SAO CRISTOVAO, RJ
233;VILA ISABEL, RJ
235;SE, SP
236;ALTO DA MOOCA, SP
237;PORTO GERAL, SP
238;AV PAULISTA, SP
239;AUGUSTA, SP
240;BELA VISTA, SP
241;BELENZINHO, SP
242;BRAS, SP
243;CAMBUCI, SP
244;CASA VERDE, SP
245;VILLA LOBOS, SP
246;JOAO DE LUCA, SP
247;CUMBICA, SP
248;DIADEMA, SP
249;SETE DE ABRIL, SP
250;GUARULHOS, SP
251;MOEMA, SP
252;IPIRANGA, SP
253;SENADOR QUEIROS, SP
254;ITAIM, SP
255;PRACA DA ARVORE, SP
256;RUA CLEMENTE ALVARES, SP
257;GUAICURUS, SP
258;SHOPPING CAMPO GRANDE, MS
259;MOOCA, SP
260;NOSSA SENHORA DO O, SP
261;M BOI MIRIM, SP
262;PENHA DE FRANCA, SP
263;PEDROSO DE MORAES, SP
264;CLEVELANDIA, PR
265;JUSTICA FEDERAL SAO PAULO, SP
267;SANTA CECILIA, SP
268;SANTANA, SP
269;BORBA GATO, SP
270;TATUAPE, SP
271;MAZZEI, SP
272;VILA CARRAO, SP
273;VILA MARIA, SP
274;ALFONSO BOVERO, SP
275;VILA PRUDENTE, SP
276;ADAMANTINA, SP
277;AGUAS DE SAO PEDRO, SP
278;AMERICANA, SP
279;AMPARO, SP
280;ANDRADINA, SP
281;ARACATUBA, SP
282;ARARAQUARA, SP
283;ARARAS, SP
284;ASSIS, SP
285;ATIBAIA, SP
286;AVARE, SP
287;BARIRI, SP
288;BARRETOS, SP
289;BATATAIS, SP
290;BAURU, SP
291;BEBEDOURO, SP
292;BOTUCATU, SP
293;BRAGANCA PAULISTA, SP
294;BROTAS, SP
295;CACAPAVA, SP
296;CAMPINAS, SP
297;CAMPOS DO JORDAO, SP
298;CAPIVARI, SP
299;CATANDUVA, SP
300;CRUZEIRO, SP
301;CUBATAO, SP
302;DRACENA, SP
303;FERNANDOPOLIS, SP
304;FRANCA, SP
305;GARCA, SP
306;GUARATINGUETA, SP
307;ITAPETININGA, SP
308;ITAPIRA, SP
309;ITAPOLIS, SP
310;ITARARE, SP
311;ITATIBA, SP
312;ITU, SP
313;JABOTICABAL, SP
314;JACAREI, SP
315;JAU, SP
316;JUNDIAI, SP
317;LIMEIRA, SP
318;LINS, SP
319;LORENA, SP
320;MARILIA, SP
321;MIRASSOL, SP
322;CIDADE DE MOCOCA, SP
323;MOGI-MIRIM, SP
324;OLIMPIA, SP
325;ORLANDIA, SP
326;OSASCO, SP
327;OURINHOS, SP
328;PEDERNEIRAS, SP
329;PENAPOLIS, SP
330;PINDAMONHANGABA, SP
331;PINHAL, SP
332;PIRACICABA, SP
333;PIRAJU, SP
334;PIRASSUNUNGA, SP
336;PRESIDENTE EPITACIO, SP
337;PRESIDENTE PRUDENTE, SP
338;PRESIDENTE VENCESLAU, SP
339;RANCHARIA, SP
340;RIBEIRAO PRETO, SP
341;RIO CLARO, SP
342;SALTO, SP
343;SANTA CRUZ DO RIO PARDO, SP
344;SANTO ANDRE, SP
345;SANTOS, SP
346;SAO BERNARDO DO CAMPO, SP
347;SAO CAETANO DO SUL, SP
348;SAO CARLOS, SP
349;SAO JOAO DA BOA VISTA, SP
350;MOGI DAS CRUZES, SP
351;SAO JOSE DOS CAMPOS, SP
352;SAO JOSE DO RIO PARDO, SP
353;SAO JOSE DO RIO PRETO, SP
354;SAO VICENTE, SP
355;SERTAOZINHO, SP
356;SOROCABA, SP
357;TABOAO DA SERRA,SP
358;TAQUARITINGA, SP
359;TATUI, SP
360;TAUBATE, SP
361;TIETE, SP
362;TUPA, SP
363;VALINHOS, SP
364;VOTUPORANGA, SP
365;VICENTE DE CARVALHO, SP
366;BOQUEIRAO, SP
367;ALEM PONTE, SP
368;COMENDADOR, PR
369;CARLOS GOMES, PR
370;BARAO DO SERRO AZUL, PR
371;BACACHERI, PR
372;CRISTO REI, PR
373;MARECHAL DEODORO, PR
374;MERCES, PR
375;PORTAO, PR
376;SANTA FELICIDADE, PR
377;RUA DAS FLORES, PR
378;ANTONINA, PR
379;APUCARANA, PR
380;ARAPONGAS, PR
381;ARAUCARIA, PR
382;BANDEIRANTES, PR
383;CAMBARA, PR
384;CAMBE, PR
385;CAMPO LARGO, PR
386;CAMPO MOURAO, PR
387;CASTRO, PR
388;CORNELIO PROCOPIO, PR
389;GUARAPUAVA, PR
390;IRATI, PR
391;JACAREZINHO, PR
392;JAGUARIAIVA, PR
393;LAPA, PR
394;LONDRINA, PR
395;MARINGA, PR
396;MORRETES, PR
397;PALMEIRA, PR
398;PARANAGUA, PR
399;PARANAVAI, PR
400;PONTA GROSSA, PR
401;PRUDENTOPOLIS, PR
402;RIBEIRAO CLARO, PR
403;RIO NEGRO, PR
404;ROLANDIA, PR
405;SANTO ANTONIO DA PLATINA, PR
406;SAO JOSE DOS PINHAIS, PR
407;UNIAO DA VITORIA, PR
408;ANITA GARIBALDI, SC
409;NEWTON MACUCO, SC
410;HERIBERTO HULSE, SC
411;BLUMENAU, SC
412;BRUSQUE, SC
413;CANOINHAS, SC
414;CHAPECO, SC
415;CRICIUMA, SC
416;ITAJAI, SC
417;JARAGUA DO SUL, SC
418;JOACABA, SC
419;JOINVILLE, SC
420;LAGES, SC
421;LAGUNA, SC
422;PORTO UNIAO, SC
423;RIO DO SUL, SC
424;SAO FRANCISCO DO SUL, SC
425;TUBARAO, SC
426;SIDEROPOLIS, SC
427;ARARANGUA, SC
428;PRACA DA ALFANDEGA, RS
429;SHOPPING IGUATEMI, RS
430;RUA DA PRAIA, RS
431;ASSIS BRASIL, RS
432;AZENHA, RS
433;VILA FERNANDES, RS
434;CORONEL BORDINI, RS
435;BOM FIM, RS
436;CAVALHADA, RS
437;BOURBON WALLIG, RS
439;SHOPPING TOTAL, RS
440;V COMAR, RS
441;JOSE DO PATROCINIO, RS
442;MENINO DEUS, RS
443;MOINHOS DE VENTO, RS
444;NAVEGANTES, RS
445;PARTENON, RS
446;PASSO DA AREIA, RS
447;PROTASIO ALVES, RS
448;ACORIANOS, RS
449;SAO JOAO, RS
450;GUIA LOPES, RS
451;OTAVIO ROCHA, RS
452;AVENIDA DO FORTE, RS
453;PRACA RUI BARBOSA, RS
454;INDEPENDENCIA, RS
455;ALEGRETE, RS
456;BAGE, RS
457;BENTO GONCALVES, RS
459;CACHOEIRA DO SUL, RS
460;CAMAQUA, RS
461;CAMPO BOM, RS
462;CANGUCU, RS
463;CANOAS, RS
464;CARAZINHO, RS
465;CAXIAS DO SUL, RS
466;CERRO LARGO, RS
467;CRUZ ALTA, RS
469;DOM PEDRITO, RS
470;ERECHIM, RS
471;ESTANCIA VELHA, RS
472;ESTEIO, RS
473;ESTRELA, RS
474;FARROUPILHA, RS
475;FREDERICO WESTPHALEN, RS
476;GARIBALDI, RS
477;GETULIO VARGAS, RS
478;GRAVATAI, RS
479;GUAIBA, RS
480;GIRUA, RS
481;HORIZONTINA, RS
482;IBIRUBA, RS
483;IJUI, RS
484;ITAQUI, RS
485;JAGUARAO, RS
486;JAGUARI, RS
487;JULIO DE CASTILHOS, RS
488;LAGOA VERMELHA, RS
489;LAJEADO, RS
490;NOVO HAMBURGO, RS
491;OSORIO, RS
492;PALMEIRA DAS MISSOES, RS
493;PANAMBI, RS
494;PASSO FUNDO, RS
495;PELOTAS, RS
496;QUARAI, RS
497;RIO GRANDE, RS
498;RIO PARDO, RS
499;ROSARIO DO SUL, RS
500;SANTA CRUZ DO SUL, RS
501;SANTA MARIA, RS
502;SANTA ROSA, RS
503;SANTIAGO, RS
504;SANTO ANGELO, RS
505;LIVRAMENTO, RS
506;SAO BORJA, RS
507;SAO FRANCISCO DE PAULA, RS
508;SAO GABRIEL, RS
509;SAO JERONIMO, RS
511;SAO LEOPOLDO, RS
512;SAO LOURENCO DO SUL, RS
513;SAO LUIZ GONZAGA, RS
514;SAPIRANGA, RS
515;SARANDI, RS
516;SOLEDADE, RS
517;TAPES, RS
518;TAQUARA, RS
519;TAQUARI, RS
520;TRES PASSOS, RS
521;TRES DE MAIO, RS
522;TRAMANDAI, RS
524;TORRES, RS
525;TUPANCIRETA, RS
526;URUGUAIANA, RS
527;VACARIA, RS
528;VERANOPOLIS, RS
529;VENANCIO AIRES, RS
530;MONTENEGRO, RS
531;CIDADE NOVA, RS
532;CAMOBI, RS
533;ITAMARATY, DF
534;RIO BRANCO, AC
535;PROSPERA, SC
536;OLEGARIO MACIEL, MG
537;PRACA JAURU, RJ
538;PARADA INGLESA, SP
539;PARQUE DAS COLINAS, RN
542;RIO DE JANEIRO, RJ
544;VILA DA PENHA, RJ
545;RIO SUL, RJ
546;CAJAMAR, SP
547;BARRA SUL, SC
548;JUSTICA FEDERAL JOAO PESSOA, PB
549;SAO DOMINGOS, SC
551;ALTAMIRA, PA
552;ITAITUBA, PA
554;SOBRAL, CE
555;LINHARES, ES
556;NOVA VENECIA, ES
557;GUACUI, ES
558;SOUSA, PB
559;CABO, PE
560;MOSSORO, RN
561;ITABAIANA, SE
562;DOURADOS, MS
563;TRES LAGOAS, MS
564;CATALAO, GO
565;JATAI, GO
566;RIO VERDE, GO
567;ENCANTADO, RS
568;CASCAVEL, PR
569;CIANORTE, PR
570;UMUARAMA, PR
571;CURITIBANOS, SC
572;CACADOR, SC
573;LEME, RJ
574;BIRIGUI, SP
575;MOJI-GUACU, SP
576;SAO ROQUE, SP
578;PESSOA ANTA, CE
579;NOVA AURORA, PR
580;INDUSTRIAL, SC
581;CAPITAL ECOLOGICA, PR
584;UNIVERSIDADE FEDERAL VICOSA, MG
586;SALGADO FILHO, PR
588;IPANEMA, RJ
589;FOZ DO IGUACU, PR
590;CARIACICA, ES
591;CASTELO, ES
592;MUQUI, ES
593;NOVA PRATA, RS
594;NAO-ME-TOQUE, RS
595;DESCALVADO, SP
596;ITAPEVA, SP
597;JALES, SP
598;MATAO, SP
599;PEREIRA BARRETO, SP
600;PORTO FELIZ, SP
601;FRANCISCO BELTRAO, PR
602;PATO BRANCO, PR
603;CRUZILIA, MG
604;CACAPAVA DO SUL, RS
605;SAO MIGUEL PAULISTA, SP
606;ALMENARA, MG
607;JOAO MONLEVADE, MG
608;LEOPOLDINA, MG
609;PIRAPORA, MG
610;ARAGUAINA, TO
611;MORRINHOS, GO
612;BROOKLIN, SP
613;IGUATU, CE
614;RONDONOPOLIS, MT
615;AQUIDAUANA, MS
616;CAMPO MAIOR, PI
617;MINISTRO JOSE AMERICO, PB
618;LIBERDADE, BA
619;DEL PASEO, CE
620;JUSTICA TRABALHO BELO HORIZONTE, MG
621;JUSTICA FEDERAL BELO HORIZONTE, MG
623;PRAIA DE BELAS, RS
625;JUSTICA FEDERAL RIO DE JANEIRO, RJ
626;VITORIA DE SANTO ANTAO, PE
627;CONCORDIA, SC
628;SAO BENTO DO SUL, SC
629;CORINTO, MG
630;CONJUNTO NACIONAL, DF
631;PACO MUNICIPAL, SP
632;MADEIRA MAMORE, RO
633;UFRN - CAIXA ECONOMICA FEDERAL, RN
634;JACOBINA, BA
635;ITAPETINGA, BA
636;IPIAU, BA
637;CARAPICUIBA, SP
638;FLORIANO, PI
639;PICOS, PI
640;JUSTICA FEDERAL SALVADOR, BA
641;TRE TERESINA, PI
642;SUZANO, SP
643;GUARA, DF
644;IMPERATRIZ, MA
645;LAGARTO, SE
646;ABADIANIA, GO
647;CAPITAL, DF
648;JABOATAO, PE
649;JUSTICA FEDERAL NATAL, RN
650;JUSTICA FEDERAL CURITIBA, PR
651;CASA FORTE, PE
652;JUSTICA FEDERAL PORTO ALEGRE, RS
653;BOA VISTA, RR
654;JUSTICA FEDERAL ARACAJU, SE
655;GAMA, DF
656;PORCIUNCULA, RJ
657;JARDIM DA SAUDE, SP
658;MACAPA, AP
659;MAUA, SP
660;PAPAGAIOS, MG
661;PORTUGAL, SP
662;UNIVERSIDADE FEDERAL VITORIA, ES
663;UNIVERSIDADE FEDERAL CURITIBA, PR
664;MINISTERIO DA EDUCACAO, DF
665;AEROPORTO DE SALVADOR, BA
666;UNIVERSIDADE FEDERAL BELEM, PA
667;UNIVERSIDADE FEDERAL DE GOIAS, GO
668;FORTAL, CE
671;UNIVERSIDADE FEDERAL SAO LUIS, MA
672;SHOPPING DA BAHIA, BA
673;ROCHA MIRANDA, RJ
674;LAGO SUL, DF
675;JUSTICA DO TRABALHO RIO CLARO, SP
676;CONCEICAO, SP
678;CIDADE UNIVERSITARIA, PE
679;CAPITAO CASA, SP
680;REALENGO, RJ
681;MANGABEIRAS, MG
682;JUSTICA FEDERAL GOIANIA, GO
683;MARABA, PA
684;CRATO, CE
685;DNOCS, CE
686;UFMT, MT
688;NUCLEO BANDEIRANTE, DF
689;CONSOLACAO, SP
690;IBIRACU, ES
691;MACHADO, MG
692;CANELA, RS
693;SANTA VITORIA DO PALMAR, RS
694;ANDRADAS, MG
695;SANTO AUGUSTO, RS
696;SAO SEBASTIAO DO CAI, RS
697;MARAU, RS
698;SERAFINA CORREA, RS
699;PIRIPIRI, PI
700;OURO FINO, MG
701;XANXERE, SC
702;SAO MIGUEL DO OESTE, SC
703;SANTO ANTONIO DA PATRULHA, RS
704;AIMORES, MG
705;ARACUAI, MG
706;CONSELHEIRO PENA, MG
707;GUANHAES, MG
708;IBIA, MG
709;MONTE CARMELO, MG
710;RAUL SOARES, MG
711;RIO LARGO, AL
712;SANTANA DO IPANEMA, AL
713;QUILOMBO DOS PALMARES, AL
714;ITACOATIARA, AM
715;PARINTINS, AM
716;MONTANHA, ES
717;SAO MATEUS, ES
718;BAIXO GUANDU, ES
719;BARRA DE SAO FRANCISCO, ES
721;SAO GABRIEL DA PALHA, ES
722;GUAIRA, PR
723;IPORA, PR
724;IVAIPORA, PR
725;TELEMACO BORBA, PR
726;TOLEDO, PR
728;SAO RAIMUNDO NONATO, PI
729;MANAIRA SHOPPING, PB
731;NOVA CAJURU, PR
732;POMBAL, PB
733;ITABAIANA DO NORTE, PB
734;JARDIM PERI, SP
735;PRAIA DE TAMBAU, PB
737;BORBOREMA, PB
738;BARUERI, SP
739;TOBIAS BARRETO, SE
740;PORTO FERREIRA, SP
741;PEDREIRA, SP
742;ITANHAEM, SP
743;ARACATI, CE
744;BREJO SANTO, CE
745;CAMOCIM, CE
746;CANINDE, CE
747;CRATEUS, CE
748;ITAPIPOCA, CE
749;JAGUARIBE, CE
750;LIMOEIRO DO NORTE, CE
751;MARANGUAPE, CE
752;QUIXADA, CE
754;SENADOR POMPEU, CE
755;RUSSAS, CE
756;ASSU, RN
758;CAICO, RN
759;TIROL, RN
760;JOAO CAMARA, RN
761;MACAU, RN
762;NOVA CRUZ, RN
763;PAU DOS FERROS, RN
764;BACABAL, MA
765;BARRA DO CORDA, MA
766;CODO, MA
767;PEDREIRAS, MA
768;SANTA INES, MA
769;RIO BONITO, RJ
770;CARLOS CHAGAS, MG
771;JANUARIA, MG
772;ARARIPINA, PE
773;BELO JARDIM, PE
774;GOIANA, PE
775;PESQUEIRA, PE
776;SALGUEIRO, PE
777;SERTANIA, PE
779;GUANAMBI, BA
780;IRECE, BA
781;RIBEIRA DO POMBAL, BA
782;SAO JOAQUIM DA BARRA, SP
783;BARREIRAS, BA
784;BOM JESUS DA LAPA, BA
785;IBIAPABA, CE
787;NAVIRAI, MS
788;NOVA ANDRADINA, MS
790;VARZEA GRANDE, MT
791;FORMOSA, GO
792;GOIANESIA, GO
793;GURUPI, TO
794;SAO MIGUEL DO ARAGUAIA, GO
795;RIALMA, GO
796;VIDEIRA, SC
797;CARAGUATATUBA, SP
798;UBATUBA, SP
799;SANTA FE DO SUL, SP
800;IBIUNA, SP
801;NOVO HORIZONTE, SP
802;QUATA, SP
803;CRUZEIRO DO SUL, AC
804;LUZIANIA, GO
805;CURRAIS NOVOS, RN
806;SANTA CRUZ INHARE, RN
807;CAMETA, PA
809;TIMBO, SC
810;BARAO DE JARAGUA, AL
811;ITABORAI, RJ
812;PETROLINA, PE
813;UNIVERSIDADE TECNOLOGICA, PR
814;CEFET, MG
815;MINAS SHOPPING, MG
816;210 SUL, DF
817;CLAUDIO, MG
818;SESC, MG
820;BRAZ DE AGUIAR, PA
821;UFMG, MG
823;JUCUTUQUARA, ES
824;SESI, PR
827;BAIRRO RESTINGA, RS
829;JUSTICA FEDERAL VITORIA, ES
830;JUSTICA FEDERAL PORTO VELHO, RO
831;NOVA ARUJA, SP
836;UFCG, PB
839;MARECHAL MASCARENHAS, RJ
840;FAROL, AL
841;SENAC, MG
843;FACULDADE DE ENGENHARIA, MG
844;CACHOEIRINHA, RS
846;GUAPORE, RS
847;STJ, DF
849;SAO MIGUEL DOS CAMPOS, AL
850;MARATAIZES, ES
851;CAMPOS NOVOS, SC
852;INDAIAL, SC
853;URUSSANGA, SC
854;SINOP, MT
855;JOQUEI CLUBE, PI
856;IFSUL, RS
857;UFMS, MS
859;ITABERAI, GO
860;PAULINIA, SP
861;LAGOA DA CONFUSAO, TO
863;MINISTERIO DO PLANEJAMENTO, DF
865;NOVA ESPERANCA, PR
866;PROPRIA, SE
867;SHOPPING CENTER RECIFE, PE
870;CACERES, MT
871;MINEIROS, GO
872;SENAC, PR
873;TERRA BELA, PR
875;MINISTERIO DA DEFESA, DF
876;SAO LOURENCO DA MATA, PE
877;TIMBAUBA, PE
878;MAFRA, SC
879;PRAIA DE FORA, SC
880;VILA RUBIM, ES
881;GUARAPARI, ES
882;SERRA, ES
883;BATISTA CAMPOS, PA
885;VER-O-PESO, PA
886;PONTA PORA, MS
887;ANGRA DOS REIS, RJ
888;ARARUAMA, RJ
889;ALCANTARA, RJ
890;MONTE ALTO, SP
891;FORUM TRABALHISTA CURITIBA, PR
892;BETIM, MG
893;CONTAGEM, MG
894;CORONEL FABRICIANO, MG
895;MANHUMIRIM, MG
896;MANTENA, MG
897;INDAIATUBA, SP
898;CASTANHAL, PA
899;CIDADE DE LEME, SP
900;IGARAPAVA, SP
901;PARAGUACU PAULISTA, SP
902;SAO MANUEL, SP
903;REGISTRO, SP
904;EPITACIO PESSOA, PB
905;CASA BRANCA, SP
906;COTIA, SP
907;FRANCO DA ROCHA, SP
908;POA, SP
909;ITAGUAI, RJ
910;ASSAI, PR
911;ALTO PETROPOLIS, RS
912;ESPUMOSO, RS
913;SAPUCAIA DO SUL, RS
914;SERRA TALHADA, PE
915;ARCOVERDE, PE
916;PALMARES, PE
917;MARCOS FREIRE, PE
918;IBAITI, PR
919;ALDEOTA, CE
920;JOSE DE ALENCAR, CE
921;BALNEARIO CAMBORIU, SC
922;SAPE, PB
923;13 DE MAIO, PE
924;TUCURUI, PA
925;PARAIBA DO SUL, RJ
926;BEZERRA DE MENEZES, CE
927;ITUVERAVA, SP
928;RIBEIRAO PIRES, SP
929;SAO SEPE, RS
930;FLORES DA CUNHA, RS
931;DOIS VIZINHOS, PR
932;LARANJEIRAS DO SUL, PR
934;FRUTAL, MG
935;SANTO AGOSTINHO, MG
936;ITURAMA, MG
937;JANAUBA, MG
938;MONTE SANTO DE MINAS, MG
939;NANUQUE, MG
940;SACRAMENTO, MG
941;SANTA RITA DO SAPUCAI, MG
942;UNAI, MG
943;GRAVATA, PE
944;PAULISTA, PE
945;VALENCA, RJ
946;PORANGATU, GO
947;BRUMADO, BA
948;CRUZ DAS ALMAS, BA
949;ITABERABA, BA
950;SANTO ANTONIO DE JESUS, BA
951;CANDEIAS, BA
952;URUACU, GO
953;GOIATUBA, GO
954;QUIRINOPOLIS, GO
955;PALOTINA, PR
956;MEDIANEIRA, PR
957;ASSIS CHATEAUBRIAND, PR
958;TRISTEZA, RS
959;VIAMAO, RS
960;SANTA BARBARA D OESTE, SP
961;SUMARE, SP
962;LENCOIS PAULISTA, SP
964;PRAIA GRANDE, SP
966;GOIOERE, PR
967;LOANDA, PR
968;MARECHAL CANDIDO RONDON, PR
969;MANDAGUARI, PR
970;CANTAGALO, RJ
972;SOBRADINHO, DF
973;PLANALTINA, DF
974;DOM BOSCO, DF
975;JUSTICA FEDERAL BRASILIA, DF
976;ITAQUAQUECETUBA, SP
977;OSVALDO CRUZ, SP
978;PIEDADE, SP
979;GUARUJA, SP
980;IBITINGA, SP
981;ITAPECERICA DA SERRA, SP
982;GRAMADO, RS
985;PAULO AFONSO, BA
987;PARANAIBA, MS
988;MONCOES, SP
990;LARGO DO BICAO, RJ
991;BARRA, BA
992;MIGUEL PEREIRA, RJ
993;MIGUELOPOLIS, SP
994;REDENCAO, PA
995;RIACHUELO, RJ
996;REPUBLICA DO LIBANO, GO
997;JUVEVE, PR
998;PINHEIRINHO, PR
999;JD. NOVA EUROPA, SP
1000;CIDADE SORRISO, PR
1001;VILA HAUER, PR
1002;AVENIDA LINS DE VASCONCELOS, SP
1003;VITAL BRASIL, SP
1004;SAO BENTO, SP
1005;PERDIZES, SP
1006;VILA FORMOSA, SP
1007;VILA GUILHERME, SP
1008;VILA MATILDE, SP
1009;BURITI SHOPPING, GO
1010;ERLIE AMORIM, PB
1011;UNIVERSITARIA, SC
1012;VERA CRUZ, RS
1013;UFERSA, RN
1014;LARGO DO CAPAO, SP                 
1015;CANDELARIA, RS
1016;RUDGE RAMOS, SP
1017;VIA ANCHIETA, SP
1018;PITUBA, BA
1019;CENTRO ADMINISTRATIVO, BA
1020;CATEDRAL MACEIO, AL
1021;ONDINA, BA
1022;VENDA NOVA, MG
1023;ALEM PARAIBA, MG
1024;JACAREPAGUA, RJ
1025;RAMOS, RJ
1026;CONDE DE BONFIM, RJ
1027;LINO TEIXEIRA, RJ
1028;CAXANGA, PE
1029;JUSTICA FEDERAL RECIFE, PE
1030;CONDE DA BOA VISTA, PE
1031;CONSELHEIRO AGUIAR, PE
1032;BAIRRO CANELA, BA
1033;CRUZ DAS ARMAS, PB
1034;GOIABEIRAS, ES
1035;FRANCISCO SA, CE
1037;CURICICA, RJ
1038;SANTA CRUZ DO CAPIBARIBE, PE
1039;TJ BRASILIA, DF
1040;BRAZLANDIA, DF
1041;COMERCIAL SUL, DF
1043;PRACA 14, AM
1044;CONGONHAS, MG
1045;SIQUEIRA CAMPOS, SE
1046;JARDIM LIMOEIRO, ES
1047;GOMES DE MATOS, CE
1048;JANGADA, CE
1050;ANISIO TEIXEIRA, BA
1051;CAMACARI, BA
1053;ITAPUA, BA
1054;LIVRAMENTO NOSSA SENHORA, BA
1056;XIQUE-XIQUE, BA
1057;515 SUL, DF
1059;ABAETE, MG
1060;BOM DESPACHO, MG
1061;CAMBUI, MG
1062;CAMPINA VERDE, MG
1063;DORES DO INDAIA, MG
1064;JACUTINGA, MG
1065;OURO BRANCO, MG
1066;SANTA LUZIA, MG
1067;SAO JOAO NEPOMUCENO, MG
1068;SHOPPING MONTE CARMO, MG
1069;CEARA-MIRIM, RN
1070;BRACO DO NORTE, SC
1071;CAPINZAL, SC
1073;GASPAR, SC
1074;GUARAMIRIM, SC
1075;IMBITUBA, SC
1077;MARAVILHA, SC
1078;MAURO RAMOS, SC
1079;ORLEANS, SC
1080;PALMITOS, SC
1081;RIO NEGRINHO, SC
1082;SAO JOAQUIM, SC
1083;ITAQUI BACANGA, MA
1084;TURVO, SC
1085;XAXIM, SC
1086;ITAQUERA, SP
1087;HEITOR PENTEADO, SP
1088;AGUAS LINDAS SHOPPING, GO
1089;CAUCAIA, CE
1092;COIMBRA, GO
1093;MUZAMBINHO, MG
1094;PAVUNA, RJ
1095;INHAUMA, RJ
1096;BALNEARIO PICARRAS, SC
1100;AREIA, PB
1101;GOIANINHA, RN
1102;ITUPORANGA, SC
1103;MAIRIPORA, SP
1104;SANTA RITA DO PASSA QUATRO, SP
1106;PAJUCARA, AL
1107;COXIM, MS
1108;AV BANDEIRANTES, MS
1109;PAB MINISTERIO DA SAUDE            
1111;BATURITE, CE
1112;ARACRUZ, ES
1113;CONCEICAO DA BARRA, ES
1114;JOAO NEIVA, ES
1115;IUNA, ES
1116;COLINAS DO TOCANTINS, TO
1119;ACAILANDIA, MA
1121;MONTE ALEGRE DE MINAS, MG
1123;RIO POMBA, MG
1124;SANTA VITORIA, MG
1127;IBIPORA, PR
1129;NOVA PETROPOLIS, RS
1130;SAO MARCOS, RS
1131;TEIXEIRA DE FREITAS, BA
1133;MENESTREL DAS ALAGOAS, AL
1134;PORTO CALVO, AL
1135;DELMIRO GOUVEIA, AL
1136;COHATRAC, MA
1137;ITAMARAJU, BA
1138;PRAIA DA BARRA, RJ
1140;JARAGUA, GO
1141;PARAISO DO TOCANTINS, TO
1142;BARRA DO BUGRES, MT
1144;JARDIM, MS
1146;FATIMA DO SUL, MS
1148;PORECATU, PR
1149;BELO HORIZONTE, MG
1150;TRES COROAS, RS
1151;JACUHY, RS
1152;RESTINGA SECA, RS
1153;AGUDOS, SP
1155;AV IBIRAPUERA, SP
1157;LUCELIA, SP
1160;PARQUE PRADO, SP
1161;RIO DAS PEDRAS, SP
1165;CAJURU, SP
1166;PARI, SP
1168;SERRA NEGRA, SP
1170;URUPES, SP
1171;MORRO AGUDO, SP
1172;CAMPINAS DE PIRAJA, BA
1173;FARTURA, SP
1174;JOSE BONIFACIO, SP
1176;SOCORRO, SP
1177;AGUAS DE LINDOIA, SP
1180;COLINA, SP
1181;TRF 3A REGIAO SAO PAULO, SP
1182;PITANGUEIRAS, SP
1185;VINHEDO, SP
1187;ARUJA, SP
1188;BASTOS, SP
1189;CAMPO LIMPO PAULISTA, SP
1190;CANDIDO MOTA, SP
1191;COSMOPOLIS, SP
1192;FERRAZ DE VASCONCELOS, SP
1194;JARDINOPOLIS, SP
1197;PALMITAL, SP
1198;SANTA CRUZ DAS PALMEIRAS, SP
1199;SANTA ISABEL, SP
1200;SAO PEDRO, SP
1201;VARGEM GRANDE DO SUL, SP
1202;CIDADE DE GUAIRA, SP
1203;JAGUARIUNA, SP
1205;POMPEIA, SP
1206;UTINGA, SP
1207;MAGNOLIA, SP
1208;APARECIDA, SP
1209;BARRA BONITA, SP
1210;GUARARAPES, SP
1211;MORAES SALES, SP
1213;CAPAO BONITO, SP
1214;CERQUILHO, SP
1215;PINDORAMA, SP
1217;VILA GERTY, SP
1218;VILA NOVA CONCEICAO, SP
1220;LARANJAL PAULISTA, SP
1221;BUTANTA, SP
1222;JACUPIRANGA, SP
1223;IRACEMAPOLIS, SP
1226;EMBU DAS ARTES, SP
1227;MONTE MOR, SP
1228;ITAPEVI, SP
1230;AROUCHE, SP
1231;BARRA FUNDA, SP
1233;GONZAGA, SP
1234;PONTE RASA, SP
1235;PRATA, MG
1236;DOM JOAO VI, BA
1237;URUANA, GO
1238;VILA BOA DE GOIAS, GO
1239;IPAMERI, GO
1240;JUSSARA, GO
1241;TRINDADE, GO
1242;CARPINA, PE
1243;SAO PEDRO DA ALDEIA, RJ
1244;MARICA, RJ
1245;ITAOCARA, RJ
1246;NATIVIDADE, RJ
1247;SAO FRANCISCO, RJ
1248;JACIARA, MT
1251;INHUMAS, GO
1252;ITAPURANGA, GO
1253;PALMEIRAS DE GOIAS, GO
1254;SANTA HELENA DE GOIAS, GO
1255;VIANA, ES
1256;CAPANEMA DO PARANA, PR
1260;COLORADO, PR
1261;CORBELIA, PR
1264;JANDAIA DO SUL, PR
1265;MAMBORE, PR
1266;GRALHA AZUL, PR
1267;MARIALVA, PR
1268;SANTA HELENA, PR
1270;JUSTICA FEDERAL FOZ DO IGUACU, PR
1271;JUSTICA FEDERAL LONDRINA, PR
1276;TRT 7A REGIAO FORTALEZA, CE
1278;ANTONIO PRADO, RS
1282;PRACA DO CARMO, PR
1284;OURO VERDE, PR
1286;SEMINARIO, PR
1287;REALEZA, PR
1288;OUROESTE, SP
1292;AGUDO, RS
1294;TEATRO MARROCOS, PE
1295;SURUBIM, PE
1296;SAO JOSE DO EGITO, PE
1297;211 NORTE, DF
1298;CERES, GO
1300;SHOPPING GRANDE CIRCULAR, AM
1302;EDUCANDOS, AM
1303;ESTRELA D OESTE, SP
1304;BARREIRA GRANDE, SP
1305;IBICARAI, BA
1306;VENDA NOVA DO IMIGRANTE, ES
1307;SAO LUIS, MA
1308;BARRA DO GARCAS, MT
1310;TRIBUNAL DE JUSTICA, MS
1311;IVINHEMA, MS
1312;MARACAJU, MS
1314;SAO BRAZ, PA
1315;CABANAGEM, PA
1316;BATEL, PR
1318;ASTORGA, PR
1319;PALMAS, PR
1326;NOSSA SENHORA DA PAZ, RJ
1327;CATETE, RJ
1328;EDGARD ROMERO, RJ
1330;SHOPPING VIA BRASIL, RJ
1331;SAO FRANCISCO DO ITABAPOANA, RJ
1332;BACAXA, RJ
1334;25 DE AGOSTO, RJ
1335;MIRACEMA, RJ
1336;PARACAMBI, RJ
1337;FONSECA, RJ
1338;IPORA, GO
1339;GAVEA, RJ
1340;SERRA DOURADA, GO
1342;TST, DF
1343;RUA NELSON MANDELA, RJ
1344;BARRA DA TIJUCA, RJ
1348;BAIA NORTE, SC
1349;ESTACAO SAO JOAQUIM, SP
1350;LOUVEIRA, SP
1351;ROCHDALE, SP
1352;TAMBAU, SP
1353;MONTE AZUL PAULISTA, SP
1354;CIDADE DE MIRANDOPOLIS, SP
1357;SAO SEBASTIAO, SP
1358;CRAVINHOS, SP
1359;SAO PEDRO DO SUL, RS
1360;JARDIM EUROPA, SP
1363;SANTO ANASTACIO, SP
1365;CAMPO LIMPO, SP
1366;UFSM, RS
1367;JABAQUARA, SP
1368;IMIRIM, SP
1370;JARDIM PAULISTA, SP
1371;VILA NOVA CACHOEIRINHA, SP
1372;CLELIA, SP
1374;METRO SANTA CRUZ, SP
1376;VILA PARANAGUA, SP
1377;DOIS IRMAOS, RS
1378;CASCA, RS
1379;AEROPORTO RIO DE JANEIRO, RJ
1382;LAGOA DA PRATA, MG
1383;OEIRAS, PI
1384;ITAPEMIRIM, ES
1385;ALTA FLORESTA, MT
1386;SENADO FEDERAL - SEEP, DF
1388;CTA SAO JOSE CAMPOS, SP
1389;AUGUSTO MONTENEGRO, PA
1391;PAROBE, RS
1392;SAO JOSE DE RIBAMAR, MA
1394;ADILSON SEABRA, GO
1397;JUSTICA DO TRABALHO PIRACICABA, SP
1398;ITAPERUCU, PR
1399;TRT BRASILIA, DF
1400;VILA ADYANA, SP
1402;TRT CONTAGEM, MG
1405;AREINHA, MA
1406;IF, RN
1408;JUSTICA DO TRABALHO OURINHOS, SP
1411;RIO NORTE, RJ
1412;SHOPPING D, SP
1413;CIDADE DOS AZULEJOS, MA
1416;RELOGIO DE SAO PEDRO, BA
1420;AVENTUREIRO, SC
1421;TRF 5A REGIAO RECIFE, PE
1422;BETANIA, MG
1423;IPU, CE
1425;PIUMHI, MG
1426;POMPEU, MG
1431;MINISTERIO DA FAZENDA, DF
1433;AFOGADOS DA INGAZEIRA, PE
1434;ESTACAO MARECHAL, ES
1435;POCOES, BA
1436;MATOZINHOS, MG
1437;ALVORADA, RS
1438;PERUIBE, SP
1439;MUCUM, RS
1440;BOM SUCESSO, MG
1441;CAETE, MG
1442;CALDAS, MG
1443;PERDOES, MG
1445;VERDES CAMPOS, PR
1448;CONCEICAO DO COITE, BA
1449;SETE PORTAS, BA
1450;ESTRADA DAS BARREIRAS, BA
1452;PAINEIRAS, SP
1456;UFPB, PB
1457;TEATRO AMAZONAS, AM
1458;BARRA BUSINESS, RJ
1460;LAGOA SANTA, MG
1461;NOVA ERA, MG
1462;TIMOTEO, MG
1464;PANTANAL, MS
1469;CONJUNTO CEARA, CE
1470;CAMANDUCAIA, MG
1471;JUSTICA FEDERAL JUIZ DE FORA, MG
1472;JUSTICA FEDERAL UBERLANDIA, MG
1474;RIO CASCA, MG
1475;SANTA BARBARA, MG
1477;ENCONTRO DAS AGUAS, AM
1479;SAN REMO, PR
1482;AGUA VERDE, PR
1483;ELIAS FAUSTO, SP
1484;SAMPA, SP
1485;NOVA BASSANO, RS
1486;IBIRITE, MG
1487;PIRAPETINGA, MG
1488;BICAS, MG
1491;INHAPIM, MG
1496;13 DE JUNHO, MT
1498;CAMINHO DE AREIA, BA
1499;MASSARANDUBA, SC
1500;AUGUSTO LEITE, SE
1502;SUDOESTE, DF
1504;CIDADE DO ACO, RJ
1506;PARANAPUAN, RJ
1507;JOSE CLEMENTE, RJ
1509;TRT SALVADOR, BA
1510;SHOPPING ITAIGARA, BA
1511;SIG, DF
1517;CIDADELA, BA
1519;RIO VERMELHO, BA
1520;PORTO DA BARRA, BA
1521;PRACA DEODORO, MA
1522;SHOPPING PIEDADE, BA
1523;SANTA CRUZ CABRALIA, BA
1524;BIGORRILHO, PR
1525;CANDIDO DE ABREU, PR
1527;PEDRA GRANDE, SP
1529;VALE VERDE, MG
1530;LUXEMBURGO, MG
1531;AV CASPER LIBERO, SP
1532;CARMO-SION, MG
1533;MINAS TENIS, MG
1534;FIDELIS REIS, MG
1536;MANOEL HONORIO, MG
1537;MARTINS, MG
1538;SAO BENEDITO, MG
1539;AMERICA, ES
1540;SAO SILVANO, ES
1544;VERDE VALE, SC
1545;GRACILIANO RAMOS, AL
1546;CIDADE CANCAO, PR
1547;PRINCESA DOS CAMPOS, PR
1548;PARQUE DEZ, AM
1549;AMAZONAS SHOPPING, AM
1550;PRACA DO TRABALHADOR, GO
1551;PRACA DO AVIAO, GO
1552;PRACA DO MIGRANTE, PR
1553;IGAPO, PR
1554;COLON, SC
1555;CORONEL AMERICO, SC
1556;CNB 12, DF
1557;MACEIO, AL
1558;GRAPIUNA, BA
1559;TERRA DA LUZ, CE
1560;NAUTICO, CE
1562;JUSTICA FEDERAL FORTALEZA, CE
1563;PARANGABA, CE
1564;JARDIM DA PENHA, ES
1565;CURITIBA, PR
1567;ITINGUCU, SP
1568;BARAO DO RIO BRANCO, MS
1569;PRAINHA, MT
1571;PAES DE BARROS, SP
1572;PARAISO, SP
1573;GRAND PLAZA SHOPPING, SP
1575;FLAMBOYANT, GO
1576;COHAB, MA
1577;CONCEICAO DOS MULATOS, MA
1578;MUSEU EMILIO GOELDI, PA
1580;PRAIA DA PIEDADE, PE
1581;JANGA, PE
1582;RECIFE ANTIGO, PE
1583;ESPINHEIRO, PE
1584;AV AGAMENON MAGALHAES, PE
1585;CAMARA CASCUDO, RN
1587;SHOPPING JOAO PESSOA, RS
1588;AVENIDA CARLOS GOMES, RS
1589;SAO PELEGRINO, RS
1590;CAPUCHINHOS, RS
1591;VOLTA DO GUERINO, RS
1592;BOURBON IPIRANGA, RS
1593;PRACA MARECHAL FLORIANO, RS
1594;PRINCESA DO SUL, RS
1595;YMEMBUI, RS
1596;JUCA BATISTA, RS
1597;CLINICAS, SP
1598;GUARAPIRANGA, SP
1599;BARAO, SP
1600;PARQUE DA UVA, SP
1601;VILA ALPINA, SP
1602;JARDIM AEROPORTO, SP
1603;PARQUE SAO JORGE, SP
1604;TAQUARAL, SP
1606;BARAO DE GURGUEIA, PI
1607;PICARRA, PI
1608;B. COUTINHO, SP
1609;PARQUE DA ACLIMACAO, SP
1610;DEZENOVE DE MARCO, SP
1611;SUBAE, BA
1612;CAMPOS ELISEOS, SP
1613;ANA COSTA, SP
1617;VIEIRA DE MORAES, SP
1618;VILA DIVA, SP
1619;MARIO GUIMARAES, RJ
1620;IGUACUANO, RJ
1623;OLARIA, RJ
1624;AV CHILE, RJ
1625;MOGI SHOPPING, SP
1626;CORA CORALINA, GO
1627;JOAO NEGRAO, PR
1628;CENTRO CIVICO, PR
1630;AHU, PR
1631;NOVA LONDRES, PR
1632;CAPAO DA IMBUIA, PR
1633;BAIRRO REBOUCAS, PR
1634;JARDIM SATELITE, SP
1635;VILA ESPERANCA, SP
1637;CIDADE DAS ORQUIDEAS, SC
1638;COQUEIROS, SC
1639;JARDIM INDUSTRIAL, MG
1640;CALAFATE, MG
1641;PADRE CAFE, MG
1642;IBITURUNA, MG
1643;GLORIA, ES
1644;SCHARLAU, RS
1645;ERICO VERISSIMO, RS
1647;PAP CEHAB
1648;AEROPORTO SANTOS DUMONT, RJ
1649;AV KENNEDY, MA
1650;SHOPPING CENTER TIJUCA, RJ
1651;IMPERIAL, RJ
1652;HIGIENOPOLIS, SP
1653;ITAIM PAULISTA, SP
1654;PLANALTO PAULISTA, SP
1655;SILVIO ROMERO, SP
1656;CASA DE PEDRA, SP
1657;PEDRA AFIADA, PE
1660;ITOUPAVA NORTE, SC
1662;OURO NEGRO, SC
1663;CORAL, SC
1665;NOVA TIRADENTES, SP
1667;PARC ROYAL, MG
1668;ESPERANCA, PB
1669;JUSTICA DO TRABALHO MARINGA, PR
1671;PEDRO TAQUES, PR
1672;CARMELA, SP
1675;COCAIA, SP
1676;AVENIDA MAJOR NICACIO, SP
1679;CARLOS SAMPAIO, SP
1681;COXIPO, MT
1685;BORDA DA MATA, MG
1686;CONQUISTA, MG
1687;MARIA DA FE, MG
1688;MONTE SIAO, MG
1689;CESARIO LANGE, SP
1691;VILA ANDEYARA, SP
1695;MIGUEL SUTIL, MT
1696;ARCOS, MG
1697;COROMANDEL, MG
1698;MATEUS LEME, MG
1699;PARAISOPOLIS, MG
1700;PITANGUI, MG
1701;MARIANA, MG
1707;PRACA SECA, RJ
1708;ARROIO DO MEIO, RS
1709;ARVOREZINHA, RS
1710;SANTA ADELIA, SP
1711;CRUZEIRENSE, RS
1712;CAMPINAS DO SUL, RS
1719;AV DA SAUDADE, SP
1721;CAMPESTRE, MG
1724;PRINCESA, MG
1725;BIAS FORTES, MG
1726;FRANCISCO SA DE MINAS, MG
1727;ROCA SALES, RS
1728;VIADUTOS, RS
1730;SALDANHA MARINHO, RJ
1732;GRANJA VIANNA, SP
1733;SHOPPING JARDINS, SE
1734;SAO JOSE DO CALCADO, ES
1735;BOM JESUS DE GOIAS, GO
1737;MIRACEMA DO TOCANTINS, TO
1739;TROPICAL, MA
1740;MEDINA, MG
1742;SABARA, MG
1745;SALTO DA DIVISA, MG
1746;PAMPULHA, MG
1747;LUZ, MG
1748;PRATAPOLIS, MG
1749;ANANINDEUA, PA
1756;AV CENTER, PR
1757;NOVA RUSSIA, PR
1761;UNISINOS, RS
1762;BUTIA, RS
1763;FELIZ, RS
1765;IVOTI, RS
1766;RIO AMAZONAS, AM
1767;PORTAO DO SUL, RS
1768;27 DE JULHO, SP
1769;ROLANTE, RS
1770;IGARACU DO TIETE, SP
1771;SANTO CRISTO, RS
1772;NOSSA SENHORA DO GUADALUPE, SP
1773;RUA CIPRIANO TAVARES, SP
1775;REGENTE FEIJO, SP
1776;LARGO DA GLORIA, RJ
1778;MOUTONNEE, SP
1780;PANORAMA, SP
1782;CORUPA, SC
1784;PALHOCA, SC
1785;ICARA, SC
1787;CESAR DE SOUZA, SP
1788;MORRO DA FUMACA, SC
1791;FRAIBURGO, SC
1792;PENHA, SC
1795;TIJUCAS, SC
1798;14 DE ABRIL, SP
1800;VILA, RJ
1803;ASA SUL, DF
1808;AV JAPAO, SP
1810;IGUAPE, SP
1812;METRO OSCAR FREIRE, SP
1813;FARIA LIMA, SP
1814;AV CILLOS, SP
1816;GRANJA JULIETA, SP
1817;TREMEMBE, SP
1818;JOAO PINHEIRO, MG
1820;SAO GOTARDO, MG
1821;AV MINAS GERAIS, MG
1823;CACOAL, RO
1824;JI-PARANA, RO
1825;VILHENA, RO
1826;SANTA TERESA, ES
1827;PIRES DO RIO, GO
1829;PORTO NACIONAL, TO
1830;SALINAS, MG
1831;ARIQUEMES, RO
1832;CERVEZAO, SP
1833;PEDRA BONITA, SP
1836;ICONHA, ES
1837;CHAVANTES, SP
1839;CALDAS NOVAS, GO
1842;APINAJES, GO
1845;NIQUELANDIA, GO
1846;PIRACANJUBA, GO
1850;SILVANIA, GO
1851;LUPICINIO RODRIGUES, RS
1852;DOM PEDRO II, RS
1853;ROCHA, RJ
1854;CONSTANTINA, RS
1855;CRISSIUMAL, RS
1856;MACATUBA, SP
1857;CAFELANDIA, SP
1859;EXTREMOZ, RN
1861;JARDIM INDEPENDENCIA, PR
1863;POTIRENDABA, SP
1868;CIDADE DO PORTO, SC
1872;IGREJINHA, RS
1873;HERCILIO LUZ, SC
1874;BIGUACU, SC
1875;KOBRASOL, SC
1877;MIRAMAR, SC
1878;CAMINHO DO MAR, SP
1879;SENHORA DOS NAVEGANTES, SC
1880;POMERODE, SC
1881;SEARA, SC
1882;ICOARACY, PA
1883;VIANELO, SP
1884;SAO LOURENCO DO OESTE, SC
1885;SAO JOSE DO CEDRO, SC
1887;MISTER HULL, CE
1888;DOM LUIZ, CE
1889;CAPITAL DO CIMENTO, SP
1890;NORTH SHOPPING CARUARU, PE
1891;VINTE E SEIS DE MARCO, SP
1893;AV JOAO RAMALHO, SP
1895;SANANDUVA, RS
1896;DESBRAVADOR, SC
1897;XV DE NOVEMBRO, SC
1898;IPAUSSU, SP
1899;JARDIM INGA, GO
1900;CARMO DO PARANAIBA, MG
1901;BAMBUI, MG
1902;CASTRO ALVES, BA
1906;TAJURAS, SP
1907;ENGENHEIRO CAETANO, SP
1908;MIMOSO DO SUL, ES
1909;CIDADE ANTIGA, PB
1910;TRIANGULO, MG
1911;BAYEUX, PB
1914;SANTA RITA, PB
1918;MORADA DO OURO, MT
1920;QUATRO DE ABRIL, SP
1922;BENFICA, CE
1924;FRITZ MULLER, SC
1925;CARLOS BARBOSA, RS
1926;VESPASIANO, MG
1927;TURFE CLUBE, RJ
1929;BOA ESPERANCA DO SUL, SP
1932;CHOPINZINHO, PR
1933;ESTACAO GILKA MACHADO, RJ
1934;PARQUE DO CARMO, SP
1937;NOVA ODESSA, SP
1938;CORDEIROPOLIS, SP
1942;NOVE DE JULHO, SP
1943;SAO LUIS DE MONTES BELOS, GO
1946;PITANGA, PR
1947;ELDORADO, SP
1949;CIDADE SIQUEIRA CAMPOS, PR
1951;WENCESLAU BRAZ, PR
1952;NOVA ORLEANS, PR
1953;REIS MAGOS, RN
1955;ACARAU, CE
1956;SENHORA DE FATIMA, CE
1957;BARBALHA, CE
1958;CASCAVEL, CE
1959;VILA PEDROSO, GO
1960;ICO, CE
1961;MARACANAU, CE
1962;ITAGUACU, ES
1963;VALE, ES
1966;PIMENTAS, SP
1967;VILA FRIBURGO, SP
1969;ALPHAVILLE, SP
1970;MARMELEIRO, PR
1971;AV BRASILIA, PR
1975;CAMPOS GERAIS, MG
1976;VILA EMA, SP
1977;EDSON QUEIROZ, CE
1978;PADRE ANCHIETA, ES
1979;AV AFONSO PENA, MS
1982;NOVA LONDRINA, PR
1983;CIDADE DE PARAIBUNA, SP
1985;AV RECANTO, DF
1987;PARQUE PIAUI, PI
1989;COSTA E SILVA, PI
1990;FELICITTA SHOPPING, DF
1996;CENTENARIO, SP
1997;VISCONDE DE INHAUMA, SP
1998;ALEXANDRINA, SP
2000;AV MANOEL GOULART, SP
2001;AVENIDA SAMPAIO VIDAL, SP
2002;PACAJUS, CE
2003;CACHOEIRA PAULISTA, SP
2004;AREOLINO DE ABREU, PI
2005;WALL STREET, BA
2008;PARNAMIRIM, RN
2010;POTENGI, RN
2012;UFOP, MG
2014;JUSTICA FEDERAL RIBEIRAO PRETO, SP
2015;AUTRAN NUNES, CE
2016;BERNARDO HORTA, ES
2017;CIDADE ALEGRIA, RJ
2018;ORGAOS FAZENDARIOS, MT
2019;CASTILHO, SP
2021;TERRA DO CHIMARRAO, RS
2022;LAURO DE FREITAS, BA
2023;BIRITIBA-MIRIM, SP
2025;TROPEIROS, SP
2026;BAIRRO SANTO AGOSTINHO, RJ
2027;MEDEIROS NETO, BA
2028;VOLUNTARIOS DA PATRIA, RJ
2030;ENGENHO DE DENTRO, RJ
2031;SERRA DE SANTA HELENA, MG
2032;TERRA ROXA, SP
2034;CONSELHEIRO CARRAO, SP
2035;PIQUETE, SP
2037;PRINCESA DA COLINA, SP
2038;LAJEADO VELHO, SP
2040;DOMINGOS MARTINS, ES
2041;CARAPINA, ES
2042;PRAIA DO CANTO, ES
2044;LAGOA NOVA, RN
2045;CONCEICAO DO PARAIBA, AL
2046;MARIBONDO, AL
2047;MACEIO SHOPPING, AL
2049;PILAR, AL
2052;FORUM DOURADOS, MS
2054;AV WEIMAR TORRES, MS
2055;JARDIM GERMANIA, SP
2056;PIUMA, ES
2057;SERRA DA MANTIQUEIRA, MG
2060;BOM JARDIM, RJ
2061;CACHOEIRAS DE MACACU, RJ
2063;PINHEIRO, MA
2068;MENDES, RJ
2072;SAPUCAIA, RJ
2075;SENADOR FLAQUER, SP
2077;PIRAI, RJ
2079;GOIANIA, GO
2080;SHOPPING DA ILHA, MA
2081;IOLANDA ASSIS, SE
2082;CACONDE, SP
2083;SALES OLIVEIRA, SP
2084;FERROVIARIOS, SP
2085;JAGUAQUARA, BA
2086;TANGARA DA SERRA, MT
2088;ESPLANADA CAMPOLIM, SP
2089;RIO CACHOEIRA, BA
2092;SAO SIMAO, SP
2093;TAPEJARA, RS
2094;PARQUE RIZZO, SP
2095;IBATE, SP
2097;INDIANOPOLIS, SP
2099;IBES, ES
2100;SAO BENTO DE ARARAQUARA, SP
2102;PRACA XV DE NOVEMBRO, SP
2103;JARDIM HELENA, SP
2104;TAPIRATIBA, SP
2105;BRODOWSKI, SP
2106;CAIEIRAS, SP
2109;VARZEA PAULISTA, SP
2111;VILA CARMOSINA, SP
2112;YPE CENTER, MS
2113;PREFEITURA MUNICIPAL DE MAUA, SP
2115;SAO GUALTER, SP
2117;CORURIPE, AL
2119;CATU, BA
2122;COLOMBO, PR
2123;RUA UBALDINO DO AMARAL, RJ
2124;BARREIROS, PE
2125;ESCADA, PE
2127;FAXINAL DO SOTURNO, RS
2130;OURICURI, PE
2131;JAPERI, RJ
2132;BENEVIDES, PA
2133;SERRO, MG
2134;JARDIM MARINGA, SP
2135;JARDIM SANTA TEREZA, SP
2136;NOVA PARAISOPOLIS, SP
2138;PRADOPOLIS, SP
2139;BARAO DE JUNDIAI, SP
2140;SANTA ERNESTINA, SP
2141;ALTOS DA CIDADE, SP
2142;SANTA ROSA DE VITERBO, SP
2143;MONTE CASTELO, SP
2144;SANTA GERTRUDES, SP
2146;JACARAIPE, ES
2149;FOZ DO ITAJAI, SC
2150;SIMOES FILHO, BA
2151;PRESIDENTE DUTRA, MA
2152;SAO MATEUS DO SUL, PR
2155;OSTERNACK, PR
2156;JUSTICA FEDERAL AMERICANA, SP
2158;MONGAGUA, SP
2159;PROSPERIDADE, SP
2161;ALTEROSAS, MG
2162;GUARIBA, SP
2163;PERIMETRAL, SP
2166;ALCOBACA, BA
2167;JARDIM BONFIGLIOLI, SP
2170;LAJEDO, PE
2171;PINHEIRAL, RJ
2175;FRANCISCO PORTO, SE
2176;SIMAO DIAS, SE
2177;HEBRAICA, SP
2178;MAIRINQUE, SP
2179;MAITINGA, SP
2180;LARGO DO MARRAO, RJ
2182;CORONEL VICENTE, RS
2183;PRACA DO FERREIRA, CE
2185;AV BADY BASSITT, SP
2186;FAUSTO CARDOSO, SE
2187;21 DE ABRIL, MG
2189;NHAMBIQUARAS, SP
2191;IGARASSU, PE
2192;BEZERROS, PE
2193;AV HERCULANO BANDEIRA, PE
2194;AV REPUBLICA DO LIBANO, SP
2195;JANDIRA, SP
2196;VOTORANTIM, SP
2197;JARDIM CIPAVA, SP
2198;VILA GALVAO, SP
2199;VILA REZENDE, SP
2201;JARDIM NORMA, SP
2203;JARDIM ABC, SP
2204;JOAO BETTEGA, PR
2205;ALBERTO ANDALO, SP
2206;JUSTICA FEDERAL SANTOS, SP
2207;PORTO REAL, RJ
2208;ITATINGA, SP
2209;VILA ARENS, SP
2211;GRACA, BA
2212;BRIGADEIRO PAULISTA, SP
2214;QUINTA DAS PAINEIRAS, SP
2215;MARUIM, SE
2216;SERRA DOS CRISTAIS, SP
2217;ALTO DA SERRA, RJ
2218;SHOPPING BARRA, BA
2220;MINISTERIO DO TRABALHO, DF
2221;FIEP, PB
2223;CAMARA DOS DEPUTADOS, DF
2224;AV ZAHRAN, MS
2225;VENETO, SC
2228;AV MATO GROSSO, MS
2230;TRT 21A REGIAO NATAL, RN
2231;MARECHAL MALLET, RS
2232;MONTE CRISTO, RS
2234;MARISTA, GO
2240;4 DIVISAO DO EXERCITO, MG
2244;PORTO VELHO, SP
2247;RIO COMPRIDO, RJ
2249;NILOPOLITANA, RJ
2251;JUST TRABALHO JUIZ DE FORA, MG
2252;SESC, PR
2255;ABC, MG
2256;VILA NOVA, GO
2257;NOVA SERRANA, MG
2261;PRINCESA DA SERRA, SE
2262;CENTRO OESTE, GO
2264;DIAS DA CRUZ, RJ
2265;JUSTICA DO TRABALHO JABOATAO, PE
2266;CAPAO DA CANOA, RS
2270;JARDIM BOTANICO, RJ
2272;CEILANDIA, DF
2273;JARDIM AGUA BOA, MS
2274;T-9, GO
2277;CONCEICAO DO MATO DENTRO, MG
2278;AQUIRI, AC
2279;BAIRRO CEU AZUL, MG
2281;PEDRO LUDOVICO, GO
2283;SERTAO SANTANA, RS
2284;MONTE BELO, RS
2286;PALACIO DO PLANALTO, DF
2287;MIRANDOPOLIS, SP
2289;MOZART SOARES, GO
2295;CIDADE VERDE, MT
2296;ACESITA, MG
2297;AV IMPERADOR, SP
2298;GERDAU, MG
2301;TRF BRASILIA, DF
2302;FORUM DE TAGUATINGA
2304;CASAPARK SHOPPING, DF
2307;POPULAR, GO
2310;HOSPITAL UNIVERSITARIO, ES
2313;ATENAS PAULISTA, SP
2317;JUSTICA FEDERAL CUIABA, MT
2319;FORUM CAMPO GRANDE, MS
2320;FORO TRABALHISTA, MS
2322;TRES COLINAS, SP
2323;DEPARTAMENTO DE POLICIA FEDERAL, MG
2324;TINDIBA, RJ
2328;LIFE CENTER, MG
2332;IPATINGA, MG
2333;CMBH, MG
2335;JARDIM PRIMAVERA, RJ
2336;TRT 3A REGIAO BELO HORIZONTE, MG
2338;JUSTICA FEDERAL BELEM, PA
2341;TAQUARICHIM, SP
2342;HOLAMBRA, SP
2344;CAMPO DE SANTANA, RJ
2346;BOA VIAGEM, PE
2347;ITAPARK, SP
2348;ILHA DO LEITE, PE
2349;TRT - 6A REGIAO
2352;SAO SEBASTIAO DA GRAMA, SP
2353;JARDIM TIETE, SP
2356;DEZESSEIS DE DEZEMBRO, SP
2358;JUSTICA FEDERAL JOINVILLE, SC
2362;CAPIVARI DE BAIXO, SC
2363;TAILANDIA, PA
2364;FEDERACAO DO COMERCIO
2368;VILA LIVIERO, SP
2369;JUSTICA DO TRABALHO LAGES, SC
2370;JUSTICA FEDERAL FLORIANOPOLIS, SC
2374;GERMANIA, SC
2375;TRT 12A REGIAO FLORIANOPOLIS, SC
2376;SEPETIBA, RJ
2380;TERRA DA LIBERDADE, RN
2381;SISTEMA FIEMG, MG
2382;DISTRITO INDUSTRIAL, SE
2383;NOVA ALIANCA, SP
2384;JUSTICA FEDERAL UBERABA, MG
2385;RIACHO GRANDE, SP
2387;PRESIDENTE VARGAS, RJ
2391;GRUTA DE LOURDES, AL
2392;JATIUCA, AL
2393;TOMAS ESPINDOLA, AL
2394;JUSTICA FEDERAL MACEIO, AL
2396;CIDADE DE PRESIDENTE KENNEDY, ES
2397;JUSTICA DO TRABALHO ARACATUBA, SP
2398;DETRAN, AL
2399;TAGUASUL, DF
2403;BRASILIA SHOPPING, DF
2404;SHOPPING MIRAMAR, AL
2405;SHOPPING RIOMAR, SE
2407;SIA, DF
2418;POLICIA FEDERAL
2419;MARIANO PROCOPIO, MG
2423;MERCADO SAO SEBASTIAO, RJ
2426;ITACOLOMI, MG
2427;ALIPIO DE MELO, MG
2432;VILA RICA, MG
2433;FIESC, SC
2436;ASSEMBLEIA LEGISLATIVA DE SC
2437;VALPARAISO, GO
2439;DOCA, PA
2440;BENTO FERREIRA, ES
2442;TIMON, MA
2444;CENTRO ADMINISTRATIVO, GO
2446;CUSTODIA, PE
2448;AUGUSTO MAYNARD, SE
2458;CORPORATE CENTER, DF
2462;JUSTICA DO TRABALHO DIVINOPOLIS, MG
2464;CAPELA NOVA, MG
2470;JCJ DE SETE LAGOAS
2472;CURSINO, SP
2475;CANAAN, MG
2481;CREA, SC
2482;PREF MUN ITAPEMA, SC
2484;AGUA FRIA, SP
2485;AERO RANCHO, MS
2490;TCU BRASILIA, DF
2491;CATEDRAL, DF
2494;SERGIO PACHECO, MG
2499;FORUM MARINGA, PR
2501;RUA DA ALFANDEGA, RJ
2502;PREFEITURA MUNICIPAL NATAL, RN
2503;FINDES, ES
2510;GOVERNO SUL DE GOIAS
2511;GOVERNO NORTE DE GOIAS
2512;EMPRESARIAL GOIANIA, GO
2513;PLATAFORMA HABITACAO SUL DE GOIAS
2514;PLATAFORMA HABITACAO NORTE DE GOIAS
2515;EMPRESARIAL PORTO ALEGRE, RS
2516;PLATAFORMA HABITACAO VALE DOS SINOS
2517;CAMARA MUNICIPAL DE BELEM
2518;PLATAFORMA HABITACAO NORTE GAUCHO
2519;HALFELD, MG
2521;JARDIM ITAPOA, ES
2524;BENTA PEREIRA, RJ
2525;PALMAS DE TOCANTINS, TO
2527;EXECUCOES FISCAIS, SP
2535;FORUM CIVEL DE GOIANIA, GO
2538;GRANDE RIO, RJ
2540;CATARATAS, PR
2542;JUSTICA DO TRABALHO SAO JOSE, SC
2544;BETANIA DO PAJEU
2546;ITAMARACA, PE
2548;SANHARO, PE
2549;CERET MOSSORO,RN
2551;TORITAMA, PE
2553;NOVO MUNDO, PR
2554;JUSTICA FEDERAL CAMPINAS, SP
2555;TRT GOIANIA, GO
2558;MESSEJANA, CE
2569;MINISTERIO PUBLICO, TO
2658;PREF MUN PATO BRANCO, PR
2681;JUST TRABALHO RIBEIRAO PRETO, SP
2682;TRT CORONEL FABRICIANO, MG
2683;JUSTICA FEDERAL ARARAQUARA, SP
2684;PETROBRAS RIO, RJ                  
2685;TRT 23A REGIAO CUIABA, MT
2686;TRT 11A REGIAO, AM
2687;ITAIPU CURITIBA, PR
2688;FORUM UMUARAMA, PR
2689;JUSTICA FEDERAL PONTA GROSSA, PR
2695;JUSTICA DO TRABALHO UMUARAMA, PR
2696;TRT TERESINA, PI
2697;JUST TRABALHO CAMPO MOURAO, PR
2699;SESC SENAC NACIONAL, RJ
2700;PACO MUN SAO BERNARDO CAMPO, SP
2701;JUSTICA FEDERAL LAGES, SC
2702;SAUL ELKIND, PR
2703;JUSTICA FEDERAL PELOTAS, RS
2704;JUSTICA FEDERAL RIO GRANDE, RS
2705;JUSTICA FEDERAL ITAJAI, SC
2706;JUST TRABALHO PONTA GROSSA, PR
2707;PREF MUN JARAGUA DO SUL, SC
2708;TRT 6A REGIAO, PE
2709;JUSTICA DO TRABALHO PARANAVAI, PR
2710;DIAMANTINO, MT
2711;FORUM ESTADUAL DE LONDRINA, PR
2712;GARAVELO, GO
2714;JUSTICA FEDERAL JARAGUA DO SUL, SC
2715;EXTREMA, MG
2716;JUST TRABALHO PORTO ALEGRE, RS
2717;FORUM RECIFE, PE
2718;TRABALHADOR, PE                    
2719;CHESF, PE
2720;JUSTICA FEDERAL TRES LAGOAS, MS
2721;TECNOLOGIA SAO PAULO, SP
2722;SANASA CAMPINAS, SP
2723;TRT PATOS DE MINAS, MG
2725;PLATAFORMA HABITACAO CENTRO GAUCHO
2726;SANTA CASA DE MISERICORDIA, SP     
2728;BERTIOGA, SP
2729;JUSTICA DO TRABALHO GUARAPUAVA, PR
2730;JUST TRAB SAO JOSE DOS CAMPOS, SP
2731;PREF MUN LONDRINA, PR
2732;TRT NITEROI, RJ
2733;AGU, DF
2734;LUIS EDUARDO MAGALHAES, BA
2735;SEGMENTO PUBLICO ALAGOAS, AL
2736;JUSTICA DO TRABALHO BAGE, RS
2737;ITAU DE MINAS, MG
2738;RIO DAS OSTRAS, RJ
2740;JUSTICA DO TRABALHO PELOTAS, RS
2741;CASSIANO RICARDO, SP
2742;JUSTICA FEDERAL JAU, SP
2743;SANTO ANTONIO DO MONTE, MG
2744;VARA DO TRABALHO CONGONHAS, MG
2746;JF BRAGANCA PAULISTA, SP
2747;PREF MUN JUNDIAI, SP
2748;JATUARANA, RO
2749;JUSTICA DO TRABALHO RIO GRANDE, RS
2750;TRT, SE
2751;JUSTICA FEDERAL LAJEADO, RS        
2753;PLATAFORMA HABITACAO SERRA GAUCHA
2755;ROLIM DE MOURA, RO
2756;SORRISO, MT
2757;CAMPOLIM, SP
2758;MACAIBA, RN
2759;PREF MUN FRANCISCO MORATO, SP
2760;JUSTICA TRABALHO S J RIO PRETO, SP
2761;UNIVERSIDADE FEDERAL ALAGOAS, AL
2763;ALEMG, MG
2764;BASE AEREA DE CANOAS, RS
2765;JF SAO JOAO DA BOA VISTA, SP
2766;JEF SAO PAULO, SP
2767;JUSTICA DO TRABALHO SOROCABA, SP
2768;TRT TEOFILO OTONI, MG
2770;PREF MUN DIVINOPOLIS, MG
2771;JUST TRAB RIBEIRAO DAS NEVES, MG
2773;TRT ARAGUARI, MG
2774;ASSEMBLEIA LEGISLATIVA DO PIAUI
2775;IBIRAMA, SC
2776;CORRENTE, PI
2777;BOM JESUS DOS PERDOES, SP
2778;MESTRE VITALINO, PE
2779;BOCAIUVA, MG
2780;BOM JESUS, PI
2781;JUSTICA DO TRABALHO ITABIRA        
2782;ESMERALDAS, MG
2783;PIMENTA BUENO, RO
2785;PROMISSAO, SP
2786;EMBRAER, SP
2787;JUST TRAB PRESIDENTE PRUDENTE, SP
2788;JUSTICA FEDERAL IMPERATRIZ, MA     
2789;BOULEVARD FINANCEIRO, BA
2790;JUSTICA DO TRABALHO ASSIS, SP
2791;JUSTICA FEDERAL SANTO ANDRE, SP
2792;GOVERNO SERRA GAUCHA
2794;GOVERNO VALE DO SINOS
2799;TRT BARRA DO PIRAI, RJ
2801;JUSTICA FEDERAL MACAPA, AP
2802;CENTRO ADMINISTRATIVO, AP          
2805;TRT APARECIDA DE GOIANIA, GO
2806;TRT 8A REGIAO/BELEM, PA
2807;SAO JOSE, AP
2808;BRUMADINHO, MG
2809;SENADOR DANTAS, RJ
2810;ITATIAIA, RJ
2811;CEASA, RJ
2812;ARAGUATINS, TO
2813;FUMEC, MG
2814;TERRACAP, DF
2815;TAIO, SC
2816;BARRA VELHA, SC
2817;JUSTICA FEDERAL JOACABA, SC
2818;CONDOMINIO DOS CONSTRUTORES, PB
2820;GOVERNO EXTREMO SUL
2821;COPASA, MG
2822;GOVERNO PORTO ALEGRE
2823;FORUM TERESINA, PI
2824;SAO FRANCISCO DO CONDE, BA
2825;HOSPITAL UNIVERSITARIO LONDRINA, PR
2827;AMAZONAS ENERGIA, AM
2829;FORCA SINDICAL, SP
2830;FORUM SOCIAL J FEDERAL CAMPINAS, SP
2831;PREF MUN AMERICANA, SP
2832;PGR, DF
2833;PREF MUN ARARANGUA, SC
2834;ROSARIO, RJ
2835;GOVERNO NORTE GAUCHO
2836;AMAERJ, RJ
2837;PORTAL DOS SERTOES, MG
2838;BARAO DE COCAIS, MG
2839;BOITUVA, SP
2841;SESI, AM
2842;TRES VENDAS, RS
2843;QUIXERAMOBIM, CE
2844;GOVERNO CENTRO GAUCHO
2845;JUSTICA FEDERAL TUBARAO, SC
2846;PLATAFORMA HABITACAO EXTREMO SUL
2848;NACOES, RO
2849;SAAE SOROCABA, SP
2850;DIAS D AVILA, BA
2851;FORUM PRESIDENTE CASTELO BRANCO,CE
2852;POLICIA FEDERAL, SP
2853;BAIRRO CIDADE NOVA, AM
2854;TRT UBERABA, MG
2855;SERRARIA, SP
2856;TRT 2A REGIAO, SP
2857;PAVILHAO DE SAO CRISTOVAO, RJ
2859;UNIFRA, RS
2860;AEROPORTO INTERNACIONAL VIRACOPOS
2861;JARDIM DO TREVO, SP
2862;BERRINI, SP
2863;PEDRA BRANCA, PR
2864;FAZENDA RIO GRANDE, PR
2865;VARA DO TRABALHO DE LAVRAS, MG
2866;PLATAFORMA HABITACAO PORTO ALEGRE
2869;BRAZ CUBAS, SP
2870;EDEN, SP
2871;GLICERIO, SP
2872;VILA GILDA, SP
2873;25 DE JANEIRO, SP
2874;JUSTICA FEDERAL OURINHOS, SP
2875;JUSTICA DO TRABALHO SANTOS, SP
2876;ENCRUZILHADA DO SUL, RS
2877;JOHN DEERE, RS
2878;TRT, MS
2879;SHOPPING FREI CANECA, SP
2880;NOVA TIETE, SP
2881;AVENIDA PRESIDENTE VARGAS, SP
2882;CIDADE ALTA, SP
2883;SOUSAS, SP
2884;JARDIM PEROLA, SP
2885;ANHANGUERA DE SUMARE, SP
2886;SHOPPING UNIMART, SP
2887;ESTADOS UNIDOS, SP
2888;JARDIM FRANCA, SP
2889;VARZEA DA PALMA, MG
2890;JUSTICA DO TRABALHO RIO DE JANEIRO
2891;JAGUARUNA, SC
2892;SOMBRIO, SC
2893;LUCIO COSTA, DF
2894;PINHALZINHO, SC
2896;DIONISIO CERQUEIRA, SC
2897;FRANCESES, AM
2898;MAZZAROPI, SP
2899;BRIGADEIRO, SP
2900;JACATUBA, SP
2901;BAETA NEVES, SP
2902;VISTA VERDE, SP
2903;PRACA DA LIBERDADE, SP
2904;BARAO DE MESQUITA, RJ
2905;NEW YORK CITY CENTER, RJ
2906;TIJUCA, RJ
2908;MIRANTE DO CASTELO, SP
2909;ARTUR NOGUEIRA, SP
2910;CIDADE AZUL, SP
2911;RUA HENRIQUE SCHAUMANN, SP
2912;CARDEAL ARCOVERDE, RJ
2913;AMERICAS, RJ
2914;PARATY, RJ
2915;PIO X, RJ
2917;ITABAIANINHA, SE
2918;CANUDOS, RS
2919;AGUAS DE SARANDI, PR
2920;VILA YARA, SP
2921;CATEDRAL OSASCO, SP
2922;BELVEDERE, MG
2923;BURITIS, MG
2924;ANALIA FRANCO, SP
2925;CAMPO DE MARTE, SP
2926;VILA OLIMPIA, SP
2927;GOPOUVA, SP
2928;JOAO DIAS, SP
2929;LARGO SAO MATEUS, SP
2930;PEDRO LESSA, SP
2931;TRT 9 REGIAO, PR
2932;JEF CURITIBA, PR
2933;MIGUEL DE FRIAS, RJ
2934;PRACA DA BIBLIA, SP
2935;PARQUE INDUSTRIAL, SP
2936;CARIJOS, SP
2937;ECOVILLE, PR
2939;TJ SEDE MAUA, PR
2940;JOAQUIM DE OLIVEIRA, MG
2941;TURIASSU, SP
2942;PARQUE DA MOOCA, SP
2943;JUSTICA DO TRABALHO MOSSORO, RN
2944;JUSTICA DO TRABALHO SAO CARLOS, SP
2945;JF SAO JOSE DOS CAMPOS, SP
2946;NOVO SHOP CENTER RIBEIRAO PRETO, SP
2947;MOGIANA, SP
2948;VILA TIBERIO, SP
2949;AVENIDA DOM PEDRO I, SP
2950;TRF JUNDIAI, SP
2951;FRANCISCO MORATO, SP
2952;NORTE-SUL, SP
2953;AVENIDA ZELINA, SP
2954;ARMANDO LOMBARDI, RJ
2955;RUA AMARAL COSTA, RJ
2956;PRACA MAUA, RJ
2957;PREFEITURA MUNICIPAL PARANAVAI, PR
2958;UVARANAS, PR
2960;PRESIDENTE KENNEDY, SP
2961;TERMINAL BARRA FUNDA, SP
2962;IGUATEMI, SP
2963;AMADOR BUENO, SP
2964;JARDIM BRASIL, SP
2965;VILA DOS LAVRADORES, SP
2966;BARAO GERALDO, SP
2967;MONSENHOR ALBINO, SP
2968;SERRA DO JAPI, SP
2969;AV PORTUGAL, SP
2970;FAMA, GO
2971;MANACAPURU, AM
2973;SHOPPING GRANDE RIO, RJ
2974;ALTO MARACANA, PR
2975;TINGUI, PR
2976;JARU, RO
2977;PRADA, SP
2978;VILA ASSIS, SP
2979;RIO MAINA, SC
2980;COMPENSA, AM
2981;ARAGUAIA, GO
2982;AVENIDA GUILHERME FERREIRA, MG
2983;LAGOA DO NADO, MG
2984;CELSO FURTADO, MG
2985;PANTANEIRA, MT
2986;POLO DA MODA, MG
2987;RAIZ, AM
2988;EXPEDICIONARIOS, SP
2989;AVENIDA DUQUE, SP
2990;AVENIDA ZELIA, SP
2991;SHOPPING PETROLINA, PE
2992;ALAMEDA PAULISTA, SP
2993;AVENIDA NOSSA SENHORA, SP
2994;DOMINGOS DE MORAES, SP
2995;MARACATINS, SP
2996;CIDADE DO SOL, SP
2997;CIDADE INDUSTRIAL, PR
2998;SERGIPE DEL REY, SE
2999;JUSTICA FEDERAL JACAREZINHO, PR
3000;GOYAZES, GO
3001;CIDADE DE SANTA MARIA, DF
3002;GUARA II, DF
3003;PRACA DA REVOLUCAO, BA
3004;SENADOR VERGUEIRO, SP
3005;SHOPPING SUZANO, SP
3006;BORGES LAGOA, SP
3007;REAL PARQUE, SP
3008;AVENIDA CARLOS BOTELHO, SP
3009;CIDADE SAO PAULO, SP
3010;BRIGADEIRO LUIS ANTONIO-JARDINS, SP
3011;FORUM RUY BARBOSA, SP
3012;PARQUE SAO DOMINGOS, SP
3013;AVENIDA RUI BARBOSA, SP
3014;IPOJUCA, PE
3015;PRAZERES, PE
3016;CAPITAL DO FORRO, PE
3017;CAMARAGIBE, PE
3018;ARRECIFES, PE
3019;SERRA DA CANTAREIRA, SP
3020;ANTONIO AGU, SP
3021;PAULICEIA, SP
3022;PIRATININGA, RJ
3023;ALMIRANTE GONCALVES, RJ
3024;DOWNTOWN, RJ
3025;ITAPARICA, ES
3026;QUINTINO BOCAIUVA, MG
3027;ASA BRANCA, RR
3028;SHOPPING SAO GONCALO, RJ
3029;OSCAR VIDAL, MG
3030;JF CACHOEIRO DE ITAPEMIRIM, ES
3032;AV BRASIL, SP
3033;TUTOIA, SP
3034;JUSTICA FEDERAL OSASCO, SP
3035;RIACHO FUNDO, DF
3036;JUSTICA FEDERAL PATO BRANCO, PR
3037;CERRADO, GO
3038;JUSTICA FEDERAL PARANAGUA, PR
3039;ALVARES PENTEADO, SP
3040;BOULEVARD, AM
3041;SANTA MENA, SP
3042;ESTACAO, SP
3043;SUL DAS GERAES, MG
3044;VEREDAS, MG
3045;NOVA AUGUSTA, SP
3046;PAULINIA SHOPPING, SP
3047;CONDE DO PINHAL, SP
3048;AFONSO PENA, SP
3049;NOVA FARIA LIMA, SP
3050;HELENA MARIA, SP
3051;MONTEIRO DE MELO, SP
3052;AGUAS LINDAS, GO
3053;LIBERO BADARO, SP
3055;CHACARA SANTO ANTONIO, SP
3056;RUA DIREITA, SP
3057;MADUREIRA SHOPPING, RJ
3058;TRT SANTO ANGELO, RS
3059;VILA DOS REMEDIOS, SP
3060;BAIRRO CIDADE ALTA, RS
3061;VINTE DE SETEMBRO, RS
3062;MARCOPOLO, RS
3063;PLANALTO GAUCHO, RS
3064;TERRA DO SAL, RN
3065;JUIZ DE FORA, MG
3066;PREFEITURA MUNICIPAL UMUARAMA, PR
3068;MADRE LEONIA, PR
3069;JUSTICA DO TRABALHO ROLANDIA, PR
3071;SEROPEDICA, RJ
3072;TIRADENTES, RJ
3073;TORRE ALMIRANTE, RJ
3075;MPDFT, DF
3076;UEL, PR
3077;ATIRADORES, SC
3078;SAO JOSE DA TERRA FIRME, SC
3079;PEDRO MIRANDA, PA
3080;CORPORATIVO INFRAESTRUTURA
3081;LITORAL PLAZA SHOPPING, SP
3082;OTACILIO COSTA, SC
3083;TRT PARANAGUA, PR
3084;JARDIM CAMBURI, ES
3086;CIDADE OCIAN, SP
3087;INTERNACIONAL SHOPPING GUARULHOS,SP
3088;CHACARA FLORA, SP
3089;DIANOPOLIS, TO
3090;EMPRESARIAL BAURU, SP
3091;UCS, RS
3092;SHOPPING BAY MARKET, RJ
3093;PEREIRA PASSOS, RJ
3094;EMPRESARIAL CAMPINAS, SP
3095;DISTRITO DE MOREIRA CESAR, SP
3096;JEF MOGI DAS CRUZES, SP
3097;FUNCHAL, SP
3098;CASA DO CIDADAO, ES
3099;NOVA PACAEMBU, SP
3100;SAO QUIRINO, SP
3101;BURITIZAL, AP
3102;SANTA ANA, AP
3103;EMPRESARIAL IPIRANGA, SP
3104;EMPRESARIAL JUNDIAI, SP
3105;PECHINCHA , RJ
3106;RUA DA PASSAGEM, RJ
3107;NOVA ACLIMACAO, SP
3108;AVENIDA ORATORIO, SP
3109;JEF BOTUCATU, SP
3110;JUIZADO ESPECIAL FEDERAL AVARE, SP
3111;JORNALISTA ROBERTO MARINHO, RJ
3112;NOSSA SENHORA DE LOURDES, RS
3113;ALTO URUGUAI, RS
3114;OURO PRETO DO OESTE, RO
3115;SHOPPING MONTES CLAROS, MG
3116;VICENTE RAO, SP
3117;METRO SAUDE, SP
3118;BORDA DO CAMPO, SP
3119;TUIUIU, MT
3120;PACO DO LUMIAR, MA
3121;BALSAS, MA
3122;ABREU E LIMA, PE
3123;PIONEIROS, PR
3124;SAO JOAO CLIMACO, SP
3125;JARDIM SANTO ANTONIO, SP
3126;ZE DOCA, MA
3127;PARQUE DO POVO, SP
3128;VILA MANCHESTER, SP
3129;CONAB, DF
3130;BOEHMERWALD, SC
3131;ATAULFO DE PAIVA, RJ
3132;COBILANDIA, ES
3133;STF, DF
3134;MORADA NOVA, CE
3135;JUSTICA FEDERAL LIMOEIRO NORTE, CE
3136;SENADOR CANEDO, GO
3137;VASCO DA GAMA, BA
3138;PRINCESA DO SERTAO, BA
3139;LARANJEIRAS DA SERRA, ES
3140;PATRIA NOVA, RS
3141;25 DE JULHO, RS
3142;IGARA, RS
3143;BARCARENA, PA
3144;VIA PARK, MS
3145;PARAUAPEBAS, PA
3146;NORTE SHOPPING, RJ
3147;03 DE OUTUBRO, RJ
3148;CIDADE NOBRE, MG
3149;BIXIGA, SP
3150;VARGEM GRANDE PAULISTA, SP
3151;RIO TOCANTINS, MA
3152;RONDON PACHECO, MG
3153;GOVERNO DO ESTADO DO PARANA, PR
3154;EMPRESARIAL PAULISTA, SP
3155;SHOPPING ESTACAO BH, MG
3156;PARANA PREVIDENCIA, PR
3157;SANEPAR/MARINGA, PR
3158;SANEPAR/CURITIBA/PR
3160;GARCIA, SC
3161;PARQUE MARIA HELENA, SP
3162;TJ ESTADO DO PARANA, PR
3163;CEASA, PR
3164;MATINHOS, PR
3165;POLICIA MILITAR DO PARANA, PR
3166;BARRA SHOPPING, RJ
3167;COHAPAR, PR
3168;PIRAI DO SUL, PR
3169;PREF MUN GUARATUBA, PR
3170;CIDADE GAUCHA, PR
3171;PONTAL DO CERRADO, MG
3172;UNICENTRO, PR
3173;IMBITUVA, PR
3174;CORDEIRO, RJ
3175;ARAPOTI, PR
3176;PREFEITURA MUN GUARAQUECABA, PR
3177;HOSPITAL UNIVERSITARIO MARINGA, PR
3178;UEM, PR
3179;CIDADE DAS FONTES, MG
3180;JARDIM GIANETTI, SP
3181;UNIOESTE, PR
3182;HOSPITAL UNIVERSITARIO CASCAVEL, PR
3183;PAULO VI, BA
3185;SANEPAR/LONDRINA, PR
3186;UEPG, PR
3187;SHOPPING BOULEVARD RIO, RJ
3188;SHOPPING PENHA, SP
3189;NOVO GAMA, GO
3190;MUIRAQUITA, PA
3191;METRO CONCEICAO, SP
3192;PARAGOMINAS, PA
3193;VEREADOR JOSE DINIZ, SP
3194;BREVES, PA
3195;JUIZADO ESP FEDERAL CATANDUVA, SP
3196;TABATINGA, AM
3197;PONTE SAO JOAO, SP
3198;JARDIM IGUATEMI, SP
3199;JE FEDERAL ARACAJU, SE
3200;MARITUBA, PA
3201;EUCLIDES DA CUNHA, BA
3202;SACRAMENTA, PA
3203;JORGE AMADO, BA
3204;SEABRA, BA
3205;ALEIXO, AM
3206;SHOPPING CAMACARI, BA
3208;SERRA DE BRAGANCA, SP
3209;CAPITAL DO AGRESTE, AL
3210;DEODATO, SP
3211;LUIS GOIS, SP
3212;ILHA DE SANTO AMARO, SP
3213;JUSTICA ESTADUAL DE ITUMBIARA, GO
3214;JUSTICA FEDERAL PONTA PORA, MS
3215;BREU BRANCO, PA
3216;GRAJAU, SP
3217;SILVA TELES, SP
3218;SANTO EDUARDO DE EMBU, SP
3219;CARVALHO LEAL, AM
3220;OLINDA, PE
3221;CANDIDES, MG
3223;PACO IMPERIAL, RJ
3224;FORUM SOCIAL JUST FEDERAL RECIFE,PE
3225;CINELANDIA, RJ
3228;JUSTICA DO TRABALHO RECIFE, PE
3229;CASTANHEIRA, PA
3230;CAMPO FORMOSO, BA
3231;SHOPPING BONSUCESSO, SP
3232;TAMANDARE, SP
3233;IPIRA, BA
3234;BAIRRO SANTA RITA, MG
3235;JUSTICA TRABALHO PASSO FUNDO, RS
3236;TEFE, AM
3237;ALBERTO BYINGTON, SP
3238;TOP SHOPPING, RJ
3239;PELINCA, RJ
3240;CANOAS SHOPPING, RS
3241;28 DE SETEMBRO, RJ
3242;MIDWAY SHOPPING, RN
3243;AV JUSCELINO KUBITSCHEK, SP
3244;PARQUE CHICO MENDES, SP
3245;MACENO, SP
3246;RUA SACADURA CABRAL, RJ
3247;SPO, DF
3248;CAMINHO DAS ARVORES, BA
3249;BOSQUE RODRIGUES ALVES, PA
3250;TACARUNA, PE
3251;JUSTICA FEDERAL CAMPO FORMOSO, BA
3252;RODOVIARIA, MS
3253;EMBU GUACU, SP
3254;JOAO RIBEIRO DE BARROS, SP
3255;GENERAL OSORIO, SP
3256;PORTAL DO MORUMBI, SP
3257;JAIARA , GO
3258;JUSTICA FEDERAL ANAPOLIS, GO
3259;JUSTICA FEDERAL JI-PARANA, RO
3260;MARCO DE BELEM, PA
3261;SHOPPING FORMOSA, PA
3262;VILA ANASTACIO, SP
3263;MATRINXA, MT
3264;GUAMA, PA
3265;JUSTICA FEDERAL VARGINHA, MG
3266;JUSTICA FEDERAL POUSO ALEGRE, MG
3267;PREFEITURA MUNICIPAL GOIANESIA, GO
3268;PREFEITURA MUNICIPAL DE BAGE, RS
3269;CONVENCAO, SP
3270;ANISIO HADDAD, SP
3271;RAPOSO TAVARES, SP
3272;VILA SAO JOSE, SP
3273;AVENIDA GUAJAJARAS, MA
3274;LUIZOTE, MG
3275;MANOEL URBANO, AC
3276;BOM JESUS DE CUIABA, MT
3277;VILA MADALENA, SP
3278;AVENIDA FRANCISCO MATARAZZO, SP
3279;JARDIM PRESIDENTE DUTRA, SP
3280;JARDIM ANGELA, SP
3281;JUREMA, CE
3282;PIRABEIRABA, SC
3283;PORTO DE GALINHAS, PE
3284;AVENIDA DAS CEREJEIRAS, SP
3285;JUSTICA FEDERAL GOV VALADARES, MG
3286;JUSTICA FEDERAL IPATINGA, MG
3287;ALTO DA PENHA, SP
3288;BERNARDINO DE CAMPOS, SP
3289;AGUIA DE HAIA, SP
3290;AGUAS DO PANTANAL, MT
3291;CORIFEU DE AZEVEDO MARQUES, SP
3292;FORUM APUCARANA, PR
3293;ILHA DO MEL, PR
3294;FRAGATA, RS
3295;AVENIDA SANTOS DUMONT, SP
3296;SAO VITO, SP
3297;JUSTICA DO TRABALHO MARILIA, SP
3298;ITAPEMA, SC
3299;BAIRRO COSTA E SILVA, SC
3300;CANHEMA, SP
3301;JUSTICA FEDERAL CANOAS, RS
3302;CIDADE DOS ARACAS, SP
3303;NOSSA SENHORA DA GLORIA, SE
3304;LAGOA DOURADA, PR
3305;LAGO DO TABOAO, SP
3306;SUMAREZINHO, SP
3307;PRAIA DE BOTAFOGO, RJ
3308;ITACIBA, ES
3309;JUSTICA DO TRABALHO TAGUATINGA, DF
3310;LAGO NORTE, DF
3311;SHOPPING DEL REY, MG
3312;JARDIM SAO LUIZ, SP
3313;JUSTICA FEDERAL LAGUNA, SC
3314;TOCANTINS, TO
3315;CARIRI, PB
3316;JF APARECIDA DE GOIANIA, GO        
3317;AEROPORTO DE CONGONHAS, SP
3318;ITIRAPINA, SP
3319;JUSTICA FEDERAL RIO VERDE, GO      
3320;ESTACAO EXPERIMENTAL, AC
3321;JUREIA, SP
3322;FRANCISCO DEROSSO, PR
3323;TRT BOA VISTA, RR
3324;AV CARLOS LACERDA, SP
3325;VILA REGENTE FEIJO, SP
3326;UBIRATA, PR
3327;ALTONIA, PR
3328;LARGO DE PINHEIROS, SP
3329;VILA SOCORRO, SP
3330;VILA MASCOTE, SP
3331;BOSQUE MAIA, SP
3333;PREFEITURA MUNICIPAL BOTUCATU, SP
3334;ILHABELA, SP
3336;SANTANA DE PARNAIBA, SP
3337;CORPORATIVO SAO PAULO
3338;AGUAS DO ARAGUAIA, MT
3339;TARAUACA, AC
3340;SENA MADUREIRA, AC
3341;RUA DOS ITALIANOS, SP
3342;BARREIRINHA, PR
3343;JUSTICA FEDERAL RIO DO SUL, SC
3344;AVENIDA PROFESSOR OSCAR PEREIRA, RS
3345;JUSTICA FEDERAL BRUSQUE, SC
3346;PRACA BARAO, SP
3347;CINCINATO BRAGA, SP
3348;TIBIRI, PB
3349;MANAUARA SHOPPING, AM
3350;ITAMONTE, MG
3351;SALVADOR SHOPPING, BA
3352;CRUZEIRO DO OESTE, PR
3353;JUSTICA DO TRABALHO DE CAMBE, PR
3354;PREFEITURA MUNICIPAL DE ITUPEVA, SP
3356;MUTINGA, SP
3357;JUNDIAPEBA, SP
3358;RIO DO A, RJ
3359;RUA PAES LEME, SP
3360;CGU, DF
3361;JARDIM CACHOEIRA, SP
3362;PAICANDU, PR
3363;PREF MUN SAO JOSE DOS PINHAIS, PR
3364;ITAPOA, SC
3365;ALTO DO TATUAPE, SP
3366;CIDADE DE PINHEIROS, ES
3367;PREF MUN RIO BRANCO DO SUL, PR
3368;PONTE DOS CARVALHOS, PE
3369;CRISTALINA, GO
3370;PREFEITURA MUNICIPAL DE VITORIA, ES
3371;GRACIOSA, PR
3372;JUSTICA FEDERAL GARANHUNS, PE
3373;PREFEITURA MUNICIPAL IBATEGUARA, AL
3374;JEF SALVADOR, BA
3375;CIPO GUACU, SP
3376;SAO FRANCISCO DAS PEDRAS, MG
3377;SAO GONCALO DO RIO ABAIXO, MG
3378;CAPELINHA, MG
3379;SITIO CERCADO, PR
3380;AV COMENDADOR ALEXANDRINO GARCIA,MG
3381;CINCINATO BRAGA, SP                
3382;PILAR, PB
3383;LUCAS DO RIO VERDE, MT
3384;CAMPO VERDE, MT
3385;TOCANTINOPOLIS, TO
3386;JUSTICA FEDERAL DE ARAPIRACA, AL
3387;JARDIM DAS AMERICAS, PR
3388;PREFEITURA MUNICIPAL PIRAQUARA, PR
3389;DIRCEU ARCOVERDE, PI
3390;SARAPUI, RJ
3391;CAVALEIROS, RJ
3392;INGLESES, SC
3393;DEMARCHI, SP
3394;ESPLANADA, BA
3395;REMANSO, BA
3396;USP, SP
3397;BAIRRO FAZENDINHA, PR
3398;PARAIBUNA, MG
3399;PREF MUN PIRAPORA DO BOM JESUS, SP
3400;JOANOPOLIS, SP
3401;CARMO DO RIO CLARO, MG
3402;TRIUNFO, RS
3403;ITAPACI, GO
3404;AVENIDA UM, SP
3405;GOIANIRA, GO
3406;MESQUITA, RJ
3407;ABELARDO LUZ, SC
3408;PREFEITURA MUNICIPAL PACARAIMA, RR
3409;DIGITAL RIO DE JANEIRO NORTE, RJ
3411;TAIOBEIRAS, MG
3412;PREFEITURA MUNICIPAL DE MUTUM, MG
3413;SHOPPING PARALELA, BA
3414;BAIRRO ALTO, PR
3415;NOVA FORQUILHINHA, SC
3416;BRASILEIA, AC
3417;DIRETORIA DO FORO DE SAO PAULO, SP
3418;OLIVEIRA PAIVA, CE
3419;SUDOESTE GOIANO, GO
3420;MOJU, PA
3421;SAO LUIZ, RR
3422;ILHA DE ITAPARICA, BA
3423;PORTO ACRE, AC
3424;BUJARI, AC
3425;GUAPIACU, SP
3426;PREF MUNIC PARAISO DO NORTE, PR
3427;AGUAI, SP
3428;NOIVA DA COLINA, SP
3429;VALE DO GUAPORE, RO
3430;PORTO VELHO SHOPPING, RO
3431;ALTO ARAGUAIA, MT
3432;ALTA FLORESTA DO OESTE, RO
3433;GUARANTA DO NORTE, MT
3434;CANDEIAS DO JAMARI, RO
3435;JUINA, MT
3436;BARRAS, PI
3437;CONFRESA, MT
3438;NEROPOLIS, GO
3439;PONTES E LACERDA, MT
3440;CHAPADAO DO SUL, MS
3441;AMAMBAI, MS
3442;CAMPO NOVO PARECIS, MT
3443;TAUA, CE
3444;PLANALTINA DE GOIAS, GO
3445;CRISTAL, RS
3446;ELDORADO DO SUL, RS
3447;JARDIM PLANALTO, RS
3448;AV JOAO CORREA, RS
3449;FERRABRAZ, RS
3450;PARQUE DOS ANJOS, RS
3451;VALE DO SOL, RS
3452;MATHIAS VELHO, RS
3453;SERTORIO, RS
3454;SANTOS FERREIRA, RS
3455;AV JULIO DE CASTILHO, MS
3456;COLIDER, MT
3457;VILA SANTA ISABEL, RS
3458;JALAPAO, TO
3459;SERRA DO CARMO, TO
3460;INTERCAP, RS
3461;METROPOLITANA, RS
3462;VILLAS DO ATLANTICO, BA
3463;ITINGA, BA
3464;RIO LONTRA, TO
3465;MINACU, GO
3466;JOSE WALTER, CE
3467;PAULISTANA, PI
3468;MAUES, AM
3469;CHICO MENDES, AM
3470;SAO GONCALO DO AMARANTE, RN
3471;DIGITAL BAIXADA SANTISTA, SP
3472;PONTAL, SP
3473;ILHA SOLTEIRA, SP
3474;AV CASTRO ALVES, SP
3475;FREI GALVAO, SP
3476;ITUPEVA, SP
3477;PIRAJUI, SP
3478;TAQUARITUBA, SP
3479;SERRANA, SP
3480;LOMBA DO PINHEIRO, RS
3481;ABERTA DOS MORROS, RS
3482;LUIS DE CAMOES, RS
3483;APODI, RN
3484;ROSA E SILVA, PE
3485;SANTA LUZIA DO SABUGI, PB
3486;PADRE REUS, RS
3487;BAIRRO DE MANGABEIRA, PB
3488;MAG SHOPPING, PB
3489;CONCEICAO DE LINHARES, ES
3490;SETE COLINAS, PE
3491;CABROBO, PE
3492;PINHEIRO DO PARANA, PR
3493;ZILDA ARNS, PR
3494;AGUAS CLARAS, DF
3495;CIDADE DOS LAGOS, MA
3496;AVENIDA SIQUEIRA CAMPOS, SP
3497;CIDADE DE NOVA GRANADA, SP
3498;JARDIM ODETE, SP
3499;ITAVUVU, SP
3500;LAVAPES, SP
3501;MONTE APRAZIVEL, SP
3502;CIDADE PEROLA, SP
3503;ORQUIDEA DE SUMARE, SP
3504;RUA DO FICO, SP
3505;AVENIDA MIRASSOLANDIA, SP
3506;LUCAS GARCEZ, SP
3507;VILA FALCAO, SP
3508;IBOTIRAMA, BA
3509;AVENIDA IRAI, PR
3510;GUARAITUBA, PR
3511;CAMPINA GRANDE DO SUL, PR
3512;GUARATUBA, PR
3513;PARANOA, DF
3514;CATUAI SHOPPING LONDRINA, PR
3515;SUAPE, PE
3516;MACAUBAS, BA
3517;ESPERA FELIZ, MG
3518;CATOLE DO ROCHA, PB
3519;CHAPADINHA, MA
3520;NOSSA SENHORA DAS DORES, SE
3521;CAMBIRELA, SC
3522;BAIRRO FORQUILHINHA, SC
3523;CAMBORIU, SC
3524;CAMPECHE, SC
3525;POETA ZININHO, SC
3526;NEPOMUCENO, MG
3527;SAO JOAQUIM DE BICAS, MG
3528;CAMAMU, BA
3529;CAMACAN, BA
3530;UBAITABA, BA
3531;KAKOGAWA, PR
3532;NOSSA SENHORA DO SOCORRO, SE
3533;SAO JOAO BATISTA, SC
3534;GANDU, BA
3535;HORIZONTE, CE
3536;MONTE DAS TABOCAS, PE
3537;CONCEICAO DO ARAGUAIA, PA
3538;CONCEICAO DAS ALAGOAS, MG
3539;FERNAO DIAS, MG
3540;CAPITAL DO MILHO, MG
3541;TEOTONIO VILELA, AL
3542;MUCURI, BA
3543;BAIRRO BRASIL, BA
3544;MARAGOGI, AL
3545;ATALAIA, AL
3546;SANTA MARIA DA VITORIA, BA
3547;BOM CONSELHO, PE
3548;AV SETE DE SETEMBRO, PE
3549;MURICI, AL
3550;JUATUBA, MG
3551;MANEJO, RJ
3552;JOAO GUIMARAES ROSA, MG
3553;SINFRONIO BROCHADO, MG
3554;CIDADE DE CATANDUVAS, SC
3555;TAMARINDO, SC
3556;OLIVEIRA BELO, PR
3557;CAPAO RASO, PR
3558;NOVA VICOSA, BA
3559;CARACARAI, RR
3560;ITUBERA, BA
3561;NOVA COTIA, SP
3562;PIRENOPOLIS, GO
3563;URUCUI, PI
3564;BURITIS DE RONDONIA, RO
3565;DIGITAL VALE DO SINOS, RS
3566;SAO JOAO DOS PATOS, MA
3567;SETE DE SETEMBRO, RS
3568;AREIA BRANCA, RN
3569;QUARTA AVENIDA, SC
3570;MELICIO MACHADO, SE
3571;ITAPORANGA, PB
3572;DOM JOSE, CE
3573;SAO JOAO DA BARRA, RJ
3574;LARANJAL DO JARI, AP
3575;OURILANDIA DO NORTE, PA
3576;XINGUARA, PA
3577;PM NOVA BRASILANDIA DO OESTE, RO
3578;COARI, AM
3579;PARELHEIROS, SP
3580;PINHEIRO MACHADO, SP
3581;PRACA DA MOCA, SP
3582;PARADA DE TAIPAS, SP
3583;MONSENHOR PAULO, MG
3584;TOME-ACU, PA
3585;HOLANDESES, MA
3586;VELHO CHICO, BA
3587;PIRAJA, CE
3588;VILLE ROY, RR
3589;INTEGRACAO, AC
3590;LEOPOLDINENSE, RJ
3591;NOVA MARABA, PA
3592;EFAPI, SC
3593;EMPRESARIAL MANGABEIRAS, AL
3594;RAUL VEIGA, RJ
3595;ALEMAO, RJ
3596;APARECIDA DE GOIANIA, GO
3597;ESTACAO NOVA IGUACU, RJ
3598;SCHROEDER, SC
3600;BOSQUE DOS EUCALIPTOS, SP
3601;CABREUVA, SP
3602;DIGITAL PINHEIROS, SP
3603;DIGITAL NORTE GAUCHO, RS
3604;INDUSTRIAL MARACANAU, CE
3605;BAIRRO BOA VISTA, SP
3606;DIGITAL CO DE PERNAMBUCO, PE
3607;NOVA BRASILIA, RO
3608;DIGITAL OESTE DO PARANA, PR
3609;PREFEITURA MUN MUNIZ FREIRE, ES
3610;DIGITAL PENHA, SP
3611;PRESIDENTE JOSE ALENCAR, MG
3612;AGUAS FORMOSAS, MG
3613;RUA DE SANTANA, RJ
3614;CORDEIROS, SC
3615;RIBEIRAO DAS NEVES, MG
3616;ORIXIMINA, PA
3617;NOVA CAJAZEIRAS, BA
3618;SALVADOR NORTE SHOPPING, BA
3619;POMERANOS, ES
3620;ALEXANIA, GO
3621;CIDADE LIVRE, GO
3622;DIGITAL BELO HORIZONTE LESTE, MG
3623;DIGITAL CENTRO GAUCHO, RS
3624;DIGITAL DE NEGOCIOS H
3625;102 SUDOESTE, DF
3626;PORTAL DE SAO JOSE, PR
3627;CAPITAL DO BONE, PR
3628;DIGITAL DE NEGOCIOS G
3629;BRASIL SUL, GO
3630;TREVO, ES
3631;RUBIATABA, GO
3632;SALINOPOLIS, PA
3633;SAO SEBASTIAO DO PASSE, BA
3634;SERTANOPOLIS, PR
3635;PE VERMELHO, PR
3636;FAXINAL, PR
3637;PARQUE DE MARAPENDI, RJ
3638;CELINA PARK, GO
3639;ANICUNS, GO
3640;RUI BARBOSA, PR
3641;BALNEARIO MEIA PONTE, GO
3642;PARQUE AMAZONIA, GO
3643;MOZARLANDIA, GO
3644;RIACHAO DO JACUIPE, BA
3645;SUL MARANHENSE, MA
3646;ITAIOPOLIS, SC
3647;NOVA MUTUM, MT
3648;DIGITAL SERRA GAUCHA, RS
3649;RIO BRILHANTE, MS
3650;TOCANTINENSE, MG
3651;CAPINOPOLIS, MG
3652;DIGITAL NORTE SANTA CATARINA, SC
3653;ABADIA, MG
3654;IGARAPE, MG
3655;CONTESTADO, SC
3656;PREF MUNICIPAL JAGUARE, ES
3657;TERERE, MS
3658;JARDIM DOS ESTADOS, MS
3659;PRAIA DA COSTA, ES
3660;SANTA RITA DE BRUSQUE, SC
3662;VALE DO MUCURI, MG
3663;BARONESA, MG
3664;PRESIDENTE MEDICI, RO
3665;PRESIDENTE JK, MG
3666;JUARA, MT
3667;BOM PRINCIPIO, RS
3668;AREAL, RS
3669;GOETHE, RS
3670;COLMEIA DO TRABALHO, RS
3671;PERIMETRAL SUL, RS
3672;BOM JESUS DA SERRA, RS
3673;NOVA SAPUCAIA, RS
3674;OSVALDO ARANHA, RS
3676;QUEDAS DO IGUACU, PR
3677;ESPIGAO D OESTE, RO
3679;DIGITAL RIO DE JANEIRO SUL, RJ
3681;DIGITAL NORTE DE GOIAS, GO
3682;DIGITAL SE, SP
3684;SANTO AMARO DA IMPERATRIZ, SC
3685;DIGITAL SANTO AMARO, SP
3686;DIGITAL BELO HORIZONTE NORTE, MG
3687;DIGITAL JUNDIAI, SP
3688;DIGITAL SALVADOR, BA
3689;FLORESTAL, RS
3690;RIO GRAJAU, MA
3691;PONTE DO IMARUIM, SC
3692;AREIAS, SC
3693;LAGOA MANGUABA, AL
3694;COSTA DOS CORAIS, AL
3695;JACINTINHO, AL
3696;ACROPOLE, MG
3697;VAZANTE, MG
3698;DIGITAL CURITIBA LESTE, PR
3699;DIGITAL CURITIBA OESTE, PR
3700;CAJATI, SP
3701;DIGITAL MARANHAO, MA
3702;DIGITAL NORTE SUL DO CEARA, CE
3703;DIGITAL FORTALEZA, CE
3704;MELO VIANA, MG
3705;IMPERADOR GALVEZ, AC
3706;SENADOR GUIOMARD, AC
3707;FEIJO, AC
3708;HUGO SIMAS, PR
3709;PORTO DE SAO SIMAO, GO
3710;BAIRRO BOQUEIRAO, RS
3711;CHARQUEADAS, RS
3712;JARDIM DO SHOPPING, RS
3713;NOIVA DO MAR, RS
3714;NOVA SANTA RITA, RS
3715;PERIMETRAL NORTE, RS
3716;JARDIM NOVO MUNDO, GO
3717;DIGITAL PIAUI, PI
3718;DIGITAL SAO PAULO NORTE, SP
3719;ALTO PARAISO, RO
3720;DIGITAL CAMPINAS, SP
3721;POSSE, GO
3722;CAMPOS BELOS, GO
3723;PARQUE DAS LARANJEIRAS, GO
3724;JARDIM GUANABARA, GO
3725;NOROESTE, GO
3726;JUQUITIBA, SP
3728;LITORAL NORTE, AL
3729;PATIO, AL
3730;DIGITAL BELO HORIZONTE OESTE, MG
3731;DIGITAL IPIRANGA, SP
3732;CONGADAS, GO
3733;AVENIDA INGLATERRA, PR
3734;ENGENHEIRO BELTRAO, PR
3735;BATAGUASSU, MS
3736;SAO GABRIEL D OESTE, MS
3737;DIGITAL BRASILIA NORTE, DF
3738;SERRA GERAL, TO
3739;GUAIRACA, PR
3740;PARQUE ECOLOGICO, PR
3741;CAPIM GROSSO, BA
3742;PRINCESA ISABEL, SP
3743;PM JACINTO MACHADO, SC
3744;MARQUES DE SAO VICENTE, SP
3745;DIGITAL VALE DO PARAIBA, SP
3746;MANGUEIRINHA, PR
3747;CIDADE DAS ROSAS, MG
3748;CARMO DO CAJURU, MG
3749;DIGITAL FLORIANOPOLIS, SC
3750;POLO MOVELEIRO, MG
3751;GUARANESIA, MG
3752;DIGITAL LESTE GAUCHO, RS
3753;MANDAGUACU, PR
3754;MANDACARU, PR
3755;PARANACITY, PR
3756;NOVA BRASILIA, RO                  
3757;DIGITAL PORTO ALEGRE, RS
3758;DIGITAL BAURU, SP
3759;DIGITAL SUL DO ESPIRITO SANTO,ES
3760;DIGITAL NORTE ESPIRITO SANTO, ES
3761;DIGITAL ALAGOAS, AL
3762;RIO GRANDE DA SERRA, SP
3763;DIGITAL NORTE DA BAHIA, BA
3764;RUA PAULA SOUSA, SP
3765;DIGITAL CARIOCA, RJ
3766;DIGITAL RIO DE JANEIRO CAPITAL, RJ
3767;DIGITAL SUL FLUMINENSE, RJ
3768;DIGITAL AMAZONAS, AM
3769;DIGITAL ABC, SP
3770;DIGITAL NORTE DO PARANA, PR
3771;DIGITAL PARAIBA, PB
3772;DIGITAL RECIFE, PE
3773;DIGITAL NORTE FLUMINENSE, RJ
3774;DIGITAL CENTRO OESTE DE MINAS,MG
3775;AVENIDA RANGEL PESTANA, SP
3776;DIGITAL TOCANTINS, TO
3777;LARGO DO TANQUE, BA
3778;NEUDORF, SC
3779;VITORIA PRAIA, ES
3780;ZECA PRUDENTE, SE
3781;DIGITAL RIO GRANDE DO NORTE, RN
3782;DIGITAL NORTE DO PARA, PA
3783;DIGITAL PRESIDENTE PRUDENTE, SP
3784;GUAJARA MIRIM, RO
3785;MAR GRANDE, BA
3786;DIGITAL PAULISTA, SP
3787;CANAL 3, SP
3788;ALAMEDA ARAGUAIA, SP
3789;PORTO SECO PIRAJA, BA
3790;MUNDO PLAZA, BA
3791;SANTO ESTEVAO, BA
3792;JARDIM VITORIA, BA
3793;COSTA DO DESCOBRIMENTO, BA
3794;CORRENTINA, BA
3795;RIO DE ONDAS, BA
3796;BARRA DO RIO GRANDE, BA
3797;RESSACA, MG
3798;LIMA DUARTE, MG
3799;BARRA DA ESTIVA, BA
3800;AVENIDA FRAGA MAIA, BA
3801;FROES DA MOTA, BA
3802;SANTA MONICA, BA
3803;TUCANO, BA
3804;POJUCA, BA
3805;PORTICO DE OURO, BA
3806;AV TANCREDO NEVES, PR
3807;DIGITAL OSASCO, SP
3808;CAJUINA, PI
3809;JARDIM COLONIAL, SP
3810;DR TRAJANO, SP
3811;VILA VIRGINIA, SP
3812;ITAPAJE, CE
3813;TRES MARIAS, MG
3814;SAO CAETANO, MG
3815;CARMOPOLIS DE MINAS, MG
3816;MARTINHO CAMPOS, MG
3817;DIGITAL SOROCABA, SP
3818;DIGITAL RIBEIRAO PRETO, SP
3819;DIGITAL SAO JOSE DO RIO PRETO,SP
3820;DIGITAL METROPOLITANA, RJ
3821;DIGITAL TRIANGULO MINEIRO, MG
3822;9 DE MAIO, BA
3823;MIRASSOL D OESTE, MT
3824;DIGITAL CAMPOS GERAIS, PR
3825;ARMACAO DOS BUZIOS, RJ
3826;SAPEZAL, MT
3827;AGUA BRANCA, PI
3828;TERESINA NORTE, PI
3829;TERESINA LESTE, PI
3830;FATIMA, SC
3831;CONDA, SC
3832;TERRA DO MEL, PI
3833;HERVAL D OESTE, SC
3834;ESPERANTINA, PI
3835;MARCO, CE
3836;ARACAJU NORTE, SE
3837;DIGITAL SUL DE GOIAS, GO
3838;ACOPIARA, CE
3839;CAMPOS SALES, CE
3840;CIDADE SOL, BA
3841;VILA IMPERIAL, BA
3842;SAO MIGUEL DO IGUACU, PR
3843;SALVADOR PRIME, BA
3844;CAPITAO LEONIDAS MARQUES, PR
3845;SERRA GRANDE, CE
3846;ITAMARANDIBA, MG
3847;CAPITAO INDIO BANDEIRA, PR
3848;SAO JOAO DO PIAUI, PI
3849;CATEDRAL MARINGA, PR
3850;SAO LUDGERO, SC
3851;VEST MODA, PR
3852;NOSSA SENHORA DE FATIMA, SP
3853;SAO MIGUEL ARCANJO, SP
3854;APIAI, SP
3855;VILA PRADO, SP
3856;VILA TUPI, SP
3857;AMPERE, PR
3858;FREI GASPAR, SP
3859;SANTA FILOMENA, SP
3860;JARDIM SAO JOAO, SP
3861;PONTE GRANDE, SP
3862;CIDADE DAS AGUAS, MS
3863;JAVAE, TO
3864;JARDIM SABARA, PR
3865;CAARAPO, MS
3866;PIRAQUARA, PR
3867;AGUA BOA, MT
3868;CAPITAL DA AMIZADE, PR
3869;ITAPIRANGA, SC
3870;DIGITAL PIRACICABA, SP
3871;STELLA MARIS, BA
3872;AV HELIO PRATES, DF
3873;DIGITAL SUDESTE DE MINAS, MG
3874;DIGITAL SUL DE MINAS, MG
3875;NEREU RAMOS, SC
3876;HUGO LANGE, PR
3877;KENNEDY, PR
3878;DIGITAL MATO GROSSO, MT
3879;PARIPE, BA
3880;DIGITAL DE NEGOCIOS D
3881;BAIRRO TRES VENDAS, RS
3882;VICENTE DA FONTOURA, RS
3883;PRACA INDEPENDENCIA, RS
3884;DIGITAL DE NEGOCIOS F
3885;VINTE E TRES DE SETEMBRO, SC
3886;IMIGRANTES DE CONCORDIA, SC
3887;VALENCA DO PIAUI, PI
3888;AVENIDA BARROS REIS, BA
3889;DIGITAL DE NEGOCIOS A
3890;DIGITAL DE NEGOCIOS B
3892;DIGITAL DE NEGOCIOS E
3893;CANINDE DE SAO FRANCISCO, SE
3895;DIGITAL ESPECIALIZADA B
3898;LESTE MANAUARA, AM
3902;JAPIIM, AM
3903;CIDADE DA ENERGIA, PA
3905;RAIAR DO SOL, RR
3906;CRUVIANA, RR
3907;RONDON DO PARA, PA
3908;DIGITAL SUL DA BAHIA, BA
3909;DIGITAL SUDOESTE DA BAHIA, BA
3910;DIGITAL SERGIPE, SE
3911;JUSTICA FEDERAL SEDE II, DF
3912;DIGITAL NOROESTE DO PARANA, PR
3913;DIGITAL MATO GROSSO DO SUL, MS
3914;CAMBUI DE CAMPINAS, SP
3915;PINHAIS, PR
3916;TRF 4A REGIAO PORTO ALEGRE, RS
3917;TEUTONIA, RS
3919;JUSTICA FEDERAL CHAPECO, SC
3920;JUSTICA DO TRABALHO BRASILIA, DF
3921;UNIVERSIDADE DE BRASILIA - UNB, DF
3922;JUSTICA FEDERAL UMUARAMA, PR
3923;JUSTICA FEDERAL URUGUAIANA, RS
3924;JUSTICA FEDERAL PALMAS, TO
3925;JUSTICA FEDERAL SANTA MARIA, RS
3926;JUSTICA FEDERAL PASSO FUNDO, RS
3927;PRIMAVERA DO LESTE, MT
3928;JUSTICA FEDERAL SANTO ANGELO, RS
3929;DIGITAL RONDONIA, RO
3930;JUSTICA FEDERAL BAGE, RS
3931;JUSTICA FEDERAL CAXIAS DO SUL, RS
3932;JUSTICA FEDERAL LIVRAMENTO, RS
3933;DIGITAL ACRE, AC
3934;JUSTICA FEDERAL NOVO HAMBURGO, RS
3935;JUSTICA FEDERAL CASCAVEL, PR
3936;DIGITAL OE DE SANTA CATARINA, SC
3937;JUSTICA FEDERAL GUARAPUAVA, PR
3938;DIGITAL VALE DO ITAJAI, SC
3939;TAQUARALTO, TO
3940;IFS, SE
3942;DPF, RS
3944;JUSTICA FEDERAL MARINGA, PR
3945;TRT ITABUNA, BA
3946;JUST TRAB VITORIA DA CONQUISTA, BA
3947;JUST TRABALHO BENTO GONCALVES, RS
3948;PORTO SEGURO, BA
3949;JUSTICA FEDERAL ILHEUS, BA
3950;JUSTICA FEDERAL RIO BRANCO, AC
3953;JUSTICA FEDERAL CAMPO GRANDE, MS
3954;JUSTICA FEDERAL BLUMENAU, SC
3955;JUST TRABALHO CAXIAS DO SUL, RS
3956;DIGITAL BRASILIA SUL, DF
3957;JUST TRABALHO NOVO HAMBURGO, RS
3958;JARACATY, MA
3959;IFMA, MA
3960;JUSTICA FEDERAL SAO LUIS, MA
3961;VIRGILIO GALASSI, MG
3962;IMIGRANTE, RS
3963;JUSTICA FEDERAL TERESINA, PI
3965;JUSTICA FEDERAL BAURU, SP
3966;TATUIBI, SP
3967;JF PRESIDENTE PRUDENTE, SP
3968;JUSTICA FEDERAL SOROCABA, SP
3969;JUSTICA FEDERAL PIRACICABA, SP
3970;JF SAO JOSE DO RIO PRETO, SP
3971;JUSTICA FEDERAL ARACATUBA, SP
3972;JUSTICA FEDERAL MARILIA, SP
3973;JUSTICA DO TRABALHO CANOAS, RS
3974;HOSPITAL N. SRA. OLIVEIRA
3975;QUELUZ, MG
3976;VILA A, PR
3977;USINA, PR
3979;JUSTICA DO TRABALHO TOLEDO, PR
3980;JUST TRABALHO FRANCISCO BELTRAO, PR
3981;JUSTICA DO TRABALHO APUCARANA, PR
3982;JUSTICA DO TRABALHO CASCAVEL, PR
3983;FORUM CASCAVEL, PR
3984;FORUM CURITIBA, PR
3985;PM TEOFILO OTONI, MG               
3987;JUSTICA FEDERAL CAMPINA GRANDE, PB
3988;PREFEITURA MUNICIPAL UBERABA, MG
3989;TRT ITUIUTABA, MG
3990;JUSTICA FEDERAL MANAUS, AM
3991;JUSTICA FEDERAL BOA VISTA, RR
3992;TCE, MG
3993;JUSTICA DO TRABALHO VITORIA, ES
3994;NOSSA SENHORA DAS MERCES, SP
3995;JUSTICA FEDERAL FRANCA, SP
3996;DIGITAL OESTE DA BAHIA, BA
3997;DIGITAL SUL DO PARA, PA
3998;DIGITAL LESTE DE MINAS, MG
3999;TRT UBERLANDIA, MG
4000;DIGITAL RORAIMA, RR
4001;DIGITAL AMAPA, AP
4002;JUST TRABALHO FOZ  DO IGUACU, PR
4003;UTFPR PATO BRANCO, PR
4004;AV DAS AMOREIRAS, SP
4005;JUSTICA DO TRABALHO LONDRINA, PR
4006;CENTRO EXECUTIVO, PR
4007;ARICANDUVA, SP
4008;ARTUR ALVIM, SP
4009;MATEO BEI, SP
4010;INTERLAGOS, SP
4011;SAPOPEMBA, SP
4013;PAC ZONA LESTE
4014;JUSTICA FEDERAL NOVA FRIBURGO, RJ
4015;CNC, RJ
4017;TRT 4A REGIAO PORTO ALEGRE, RS
4018;RETIRO, RJ
4019;TRT VOLTA REDONDA, RJ
4020;ROCINHA, RJ
4021;TRF RIO DE JANEIRO, RJ
4022;PETROBRAS IMBETIBA, RJ
4023;JUST TRABALHO FEIRA DE SANTANA, BA
4024;PREF MUN TERESINA, PI
4025;JUSTICA ESTADUAL DE TERESINA, PI
4026;PIRAPORINHA, SP
4027;JF SAO BERNARDO DO CAMPO, SP
4028;JUSTICA FEDERAL PETROLINA, PE
4029;JUSTICA FEDERAL CRICIUMA, SC
4030;FORUM CLOVIS BEVILAQUA, CE
4031;GUAIANASES, SP
4032;PARQUE SAO LUCAS, SP
4033;TUCURUVI, SP
4034;DIGITAL SUL DE SANTA CATARINA,SC
4035;DIGITAL EXTREMO SUL, RS
4036;DIGITAL NORTE DE MINAS, MG
4037;GIOVANNI BREDA, SP
4038;RUA SCHILLING, SP
4039;PIRAJUSSARA, SP
4040;QUITAUNA, SP
4041;PREF MUNICIPAL BOTUCATU, SP
4042;JUSTICA FEDERAL GUARULHOS, SP
4043;JARDIM OCEANICO, RJ
4044;TRT 1A REGIAO RIO DE JANEIRO, RJ
4045;TRT JOAO MONLEVADE, MG
4046;PREF MUN MONTES CLAROS, MG         
4047;PARQUE NOVO MUNDO, SP
4048;ERMELINO MATARAZZO, SP
4049;PIRITUBA, SP
4050;BELAS ARTES, SP
4051;AYRTON SENNA, SP
4052;DAE BAURU, SP
4053;VILA DIRCE, SP
4054;ADONIRAN BARBOSA, SP
4055;PARAPUA, SP
4056;FORUM TRABALHISTA DE CAMPINAS, SP
4057;TRT CAMPINAS, SP
4058;VILA PIRES, SP
4059;COWAN, MG                          
4060;TRT MACEIO, AL
4061;ELETROBRAS ALAGOAS, AL
4062;HADDOCK LOBO, RJ
4063;FREGUESIA, RJ
4064;TELEPORTO, RJ
4065;PREF MUN PALMAS, TO
4066;JUSTICA DO TRABALHO PASSOS, MG
4067;CANGAIBA, SP
4068;BEIRA RIO, SP
4069;LIMAO, SP
4070;PRACA DA REPUBLICA, SP
4071;CAPAO REDONDO, SP
4072;AV SANTA CATARINA, SP
4073;VIA BRASIL, SP
4074;MANDAQUI, SP
4075;JARDIM DAS OLIVEIRAS, SP
4076;VILA SONIA, SP
4077;BOM RETIRO, SP
4078;NACOES UNIDAS, SP
4079;BOSQUE MAIA, SP
4080;OTAVIO BRAGA, SP
4081;AV INDEPENDENCIA, SP
4082;JARDIM MOSTEIRO, SP
4083;BONFIM, SP
4084;JOAO JORGE, SP
4085;JAGUARE, SP
4086;VILA VALQUEIRE, RJ
4087;RIO OESTE, RJ
4088;HORTOLANDIA, SP
4089;JARDIM OURO VERDE, SP
4090;SOROCABA NORTE, SP
4091;VILA INDUSTRIAL, SP
4092;PARQUE ANCHIETA, SP
4093;PARQUE DAS NACOES, SP
4094;CURUCA, SP
4095;BELFORD ROXO, RJ
4096;BAIRRO CASTELO BRANCO, BA
4097;QUEIMADOS, RJ
4098;JUSTICA DO TRABALHO JACAREZINHO, PR
4099;TRT JOAO PESSOA, PB
4101;JUSTICA FEDERAL ASSIS, SP
4102;JUSTICA FEDERAL SAO CARLOS, SP
4103;MORADA DO SOL, SP
4104;PIRACICAMIRIM, SP
4105;VILA SABRINA, SP
4106;JUSTICA DO TRABALHO TAUBATE, SP
4107;JUSTICA FEDERAL GUARATINGUETA, SP
4109;BOULEVARD FEIRA, BA
4110;SENADOR LEMOS, PA
4111;CABULA, BA
4112;BAIRRO ARMACAO, BA
4113;AV TIRADENTES, SP
4114;OESTE PAULISTA, SP
4115;AV GOIAS, SP
4116;LARGO 13 DE MAIO, SP
4117;FORUM CRIMINAL TRF, RJ
4118;BRIGADEIRO LIMA E SILVA, RJ
4119;CONSELHEIRO PAULINO, RJ
4120;GUARUS, RJ
4121;IMBUI, BA
4122;RUA BRASIL, SP
4123;IRIRIU, SC
4124;PARQUE SAO PAULO, PR
4125;MORUMBI, SP
4126;PERUS, SP
4128;DR ZUQUIM, SP
4129;MARTIM AFONSO, SP
4130;NOVA GRANADA, SP
4132;ROMEIROS, SP
4134;JARDIM SUL, SP
4135;NOVA FIESTA, SP
4136;TIBURCIO DE SOUZA, SP
4137;VILA PROGRESSO, SP
4138;AV RIO PEQUENO, SP
4139;SP MARKET, SP
4140;SHOPPING PRAIAMAR, SP
4141;PACAEMBU, SP
4142;NOSSA SENHORA SABARA, SP
4143;PRACA ZE GAROTO, RJ
4144;AV RIO BRANCO, RJ
4145;BEIJA-FLOR, RJ
4146;ITAIPAVA, RJ
4147;JARDIM DO MEIER, RJ
4148;RECREIO DOS BANDEIRANTES, RJ
4149;VILAR DOS TELES, RJ
4150;PRACA ITAQUERA, SP
4151;CAPELA, SP
4152;AV FREDERICO LINCK, RS
4153;PREF MUNICIPAL DE OURINHOS, SP
4154;SHOPPING INTERLAR ARICANDUVA, SP
4155;CENTRO EMPRESARIAL, SP
4156;REPUBLICA ARGENTINA, PR
4157;SHOPPING CIDADE, MG
4158;METRO ANA ROSA, SP
4159;CENTRAL PLAZA SHOPPING, SP
4160;MONGOIOS, BA
4161;BAIRRO PARAISO, RJ
4162;NILO PECANHA, RJ
4164;BAIRRO PIO X, RS
4166;CEILANDIA NORTE, DF
4167;SAMAMBAIA, DF
4171;JUSTICA FEDERAL DOURADOS, MS
4173;UNOCHAPECO, SC
4176;DAE SANTA BARBARA D OESTE, SP
4177;PREF MUNICIPAL SUMARE, SP
4178;PREF MUNICIPAL POCOS DE CALDAS, MG
4179;UNIFENAS, MG                       
4180;PREFEITURA MUNICIPAL BAURU, SP
4181;JF FRANCISCO BELTRAO, PR
4182;JUSTICA DO TRABALHO PATO BRANCO, PR
4183;TANABI, SP
4184;AVENIDA GETULIO VARGAS, SP
4185;CIDADE DE GUARA, SP
4186;FUMEP, SP
4187;SAO MIGUEL DO GUAMA, PA
4188;CAPITAL DA MUSICA, SP
4189;PREF MUNICIPAL MOGI GUACU, SP
4190;HOSPITAL METROPOLITANO, ES
4191;PREF MUNICIPAL CAMACARI, BA
4192;MUQUICABA, ES
4193;ROCINHA, RJ
4194;SANTA FE DE GOIAS, GO
4203;RECREIO SHOPPING, RJ
4204;GOVERNO DO ESTADO DE GOIAS, GO
4205;DOIS CORREGOS, SP
4206;CERQUEIRA CESAR, SP
4207;VISTA ALEGRE, SP
4208;GENERAL SALGADO, SP
4209;AURIFLAMA, SP
4210;JARDIM REDENTOR, SP
4211;SALTO DE PIRAPORA, SP
4212;AQUIDABA, SP
4213;ATENAS DO SUL, SP
4214;DIGITAL CAMPINA GRANDE, PB
4215;CIDADE DAS ESCOLAS, SP
4216;BAIRRO SANTA MONICA, MG
4218;HUMAITA, AM
4221;PADRE BERNARDO, GO
4222;CIDADE OCIDENTAL, GO
4223;SANTO ANTONIO DO DESCOBERTO, GO
4224;MARTINOPOLIS, SP
4225;SANTA TEREZINHA, SP
4226;JARDIM ROSOLEN, SP
4227;JARDIM AMANDA, SP
4228;AV CHARLES SCHNEIDER, SP
4229;BANHADO, SP
4230;POLVILHO, SP
4231;CIDADE DE VALPARAISO, SP
4232;PIRAPOZINHO, SP
4233;TEODORO SAMPAIO, SP
4234;PORTAL DO PARANAPANEMA, SP
4235;BAIRRO DO CARMO, SP
4236;AMERICO BRASILIENSE, SP
4237;VILA APARECIDA, SP
4238;ALTO DA FIUSA, SP
4239;CORPORATIVO SALVADOR
4240;EMPRESARIAL NATAL, RN
4241;CONJUNTO NACIONAL SAO PAULO, SP
4242;BOULEVARD RIBEIRAO PRETO, SP
4243;BURITAMA, SP
4244;CASSINO, RS
4245;EMPRESARIAL MACEIO, AL
4246;EMPRESARIAL MANAUS, AM
4247;MARAPONGA, CE
4248;EMPRESARIAL SALVADOR, BA
4249;EMPRESARIAL FORTALEZA, CE
4250;EMPRESARIAL SAO LUIS, MA
4251;EMPRESARIAL BELEM, PA
4252;RORAINOPOLIS, RR
4253;EMPRESARIAL RECIFE, PE
4254;EUSEBIO, CE
4255;CORPORATIVO BELO HORIZONTE
4256;EMPRESARIAL VITORIA, ES
4257;EMPRESARIAL BELO HORIZONTE, MG
4258;EMPRESARIAL DIVINOPOLIS, MG
4259;EMPRESARIAL GOVERNADOR VALADARES,MG
4260;EMPRESARIAL JUIZ DE FORA, MG
4261;EMRESARIAL UBERLANDIA, MG
4262;EMPRESARIAL NITEROI, RJ
4263;EMPRESARIAL RIO DE JANEIRO, RJ
4264;EMPRESARIAL DUQUE DE CAXIAS, RJ
4265;CORPORATIVO PORTO ALEGRE
4266;EMPRESARIAL CURITIBA LESTE, PR
4267;EMPRESARIAL CURITIBA OESTE, PR
4268;EMPRESARIAL MARINGA, PR
4269;EMPRESARIAL BLUMENAU, SC
4270;EMPRESARIAL FLORIANOPOLIS, SC
4271;EMPRESARIAL JOINVILLE, SC
4272;CORPORATIVO CAMPINAS
4273;EMPRESARIAL CAMPOS, RJ
4274;VIA EXPRESSA, AL
4275;ALPINOPOLIS, MG
4276;EMPRESARIAL ABC, SP
4277;EMPRESARIAL BAIXADA SANTISTA, SP
4278;EMPRESARIAL PENHA, SP
4279;ITAPAGIPE, MG
4280;EMPRESARIAL PINHEIROS, SP
4281;EMPRESARIAL PIRACICABA, SP
4282;EMPRESARIAL RIBEIRAO PRETO, SP
4283;EMPRESARIAL SANTANA, SP
4284;EMPRESARIAL SANTO AMARO, SP
4285;EMPRESARIAL SAO JOSE RIO PRETO, SP
4286;EMPRESARIAL SE, SP
4287;EMPRESARIAL SOROCABA, SP
4288;UNIAO, PI
4289;LENCOIS MARANHENSES, MA
4290;ESTREITO, MA
4291;NOSSA SENHORA DO ROSARIO, MA
4292;SIDROLANDIA, MS
4293;EMPRESARIAL VALE DO PARAIBA, SP
4302;PM MESSIAS, AL
4303;PM ALTO HORIZONTE DE GOIAS, GO
4304;PM OURO VERDE DE GOIAS, GO
4305;PM LEOPOLDO DE BULHOES, GO
4306;DIGITAL IMPERATRIZ, MA
4307;CIDADE DE PALMITAL, PR
4308;OUROLANDIA, BA
4309;DIGITAL VALE DO SAO FRANCISCO, PE
4310;EMPRESARIAL SANTA MARIA, RS
4311;EMPRESARIAL PASSO FUNDO, RS
4312;EMPRESARIAL CAXIAS DO SUL, RS
4313;EMPRESARIAL CHAPECO, SC
4314;EMPRESARIAL CUIABA, MT
4315;EMPRESARIAL LONDRINA, PR
4316;EMPRESARIAL BRASILIA, DF
4317;EMPRESARIAL CASCAVEL, PR
4318;RODRIGUES ALVES, AC
4319;PREF MUNICIPAL GRAVATAL, SC
4320;PM DUARTINA, SP
4321;CEDAF FLORESTAL, MG
4322;ALTO ALEGRE, RR
4323;JAIBA, MG
4324;CARMOPOLIS, SE
4325;ATENAGORAS CRISPIM, SE
4326;CAIARI, RO
4327;CANARANA, MT
4331;RECANTO DAS EMAS, DF
4332;BARRA DO RIO CERRO, SC
4333;IBATIBA, ES
4334;CEREJEIRAS, RO
4335;COLORADO DO OESTE, RO
4336;VALONGO, SP
4337;BARAO DE MIRACEMA, RJ
4338;POCO VERDE, SE
4339;SERRA AZUL, GO
4340;CHAPADAO DO CEU, GO
4341;VISTA DA SERRA, PR
4342;PAU DA LIMA, BA
4343;SERRA DE CALDAS, GO
4344;SARZEDO, MG
4345;NOVA PONTE, MG
4346;FRONTEIRA, MG
4349;JUNQUEIROPOLIS, SP
4350;JUQUIA, SP
4351;JARDIM ESPLANADA, SP
4353;18 DE FEVEREIRO, SP
4354;JARDIM MORADA DO SOL, SP
4355;NAZARE PAULISTA, SP
4356;CUNHA, SP
4357;POTIM, SP
4358;ITAI, SP
4360;MARECHAL, SP
4361;PARQUE DO PEAO, SP
4362;METROPOLE, SP
4363;NOVE DE JULHO JARDINS, SP
4364;PRESIDENTE GETULIO VARGAS, SP
4365;LUIS CORREIA, PI
4366;COCAL, PI
4367;ABOLICAO, CE
4368;IPUEIRAS, CE
4370;NOSSA SRA. DE BOA VIAGEM, CE
4371;PACATUBA, CE
4372;TAMBORIL, CE
4373;PEDRA PRETA, RJ
4374;BELA VISTA DE GOIAS, GO
4375;ATERRADO, RJ
4376;MANILHA, RJ
4377;COSTA VERDE, RJ
4378;TRAIRI, CE
4379;5 DE AGOSTO, GO
4380;ALTO SAO JOAO, TO
4381;AUGUSTINOPOLIS, TO
4382;RIO PARANAIBA, MG
4383;MATIAS BARBOSA, MG
4384;SAO JOSE DA LAPA, MG
4385;JARDIM CANADA, MG
4386;DA BARRA, MG
4387;BAIRRO SANTA AMELIA, MG
4388;ITATIAIUCU, MG
4389;ITAGUARA, MG
4390;LAGOS DE MINAS, MG
4391;MATIPO, MG
4392;BELO ORIENTE, MG
4393;ZONA SUL, MG
4394;CIDADE DE TAPEJARA, PR
4395;PINEVILLE, PR
4396;BALSA NOVA, PR
4398;ITACAIUNAS, PA
4399;CANAA DOS CARAJAS, PA
4400;NOVA PARAUAPEBAS, PA
4401;DIVINO, MG
4402;ESTRADA DOS TRES RIOS, RJ
4403;JARDIM MARILEIA, RJ
4404;TIBAGI, PR
4405;CARAMBEI, PR
4406;MAURITI, CE
4407;ALVARO WEYNE, CE
4408;LUCIANO BARRETO JUNIOR, SE
4412;SANTA ISABEL DO PARA, PA
4413;VARZEA ALEGRE, CE
4414;CRIXAS, GO
4415;AV MINISTRO ARI FRANCO, RJ
4416;ORIZONA, GO
4417;JAGUAPITA, PR
4418;FIRMINOPOLIS, GO
4419;PARAUNA, GO
4420;ESTRADA DO FIO, CE
4421;CORUMBA DE GOIAS , GO
4424;SIMOES LOPES, RS
4425;BOCA DO MONTE, RS
4426;MOSTARDAS, RS
4428;RINCAO, RS
4429;BAIRRO RIO BRANCO, RS
4431;MARECHAL FLORIANO, RS
4432;SAO FRANCISCO DE ASSIS, RS
4433;CORACAO DO RIO GRANDE, RS
4434;SAO JOSE DO NORTE, RS
4435;PALMARES DO SUL, RS
4436;PRACA DO PORTAO, RS
4437;BAIRRO SAO CRISTOVAO, RJ
4438;CUNHA PORA, SC
4439;ANTONIO CARLOS, SC
4440;POUSO REDONDO, SC
4441;PRESIDENTE GETULIO, SC
4442;CASSILANDIA, MS
4445;CANTO DO BURITI, PI
4446;DELTA DO PARNAIBA, PI
4448;ITAIPU, RJ
4449;CANTUARIA, BA
4450;MARAGOJIPE, BA
4451;PAPANDUVA, SC
4452;CORREIA PINTO, SC
4453;LAURO MULLER, SC
4454;PARANAITA, MT
4455;MUNDO NOVO, MS
4456;MONSENHOR FELIX, RJ
4457;ARARIBOIA, RJ
4458;FELIZ NATAL, MT
4459;MATUPA, MT
4460;GRANDE COLORADO, DF
4461;GAMA LESTE, DF
4462;COMERCIAL NORTE, DF
4463;PISTAO SUL, DF
4464;AGU SEDE, DF
4465;ITIQUIRA, MT
4466;TAPURAH, MT
4467;PEIXOTO DE AZEVEDO, MT
4469;CARIRA, SE
4470;RIBEIROPOLIS, SE
4471;BARRA DOS COQUEIROS, SE
4472;VISTA ALEGRE RIO, RJ
4473;SAO MIGUEL DO GUAPORE, RO
4474;TERRA RICA, PR
4475;INDIARA, GO
4476;VILA BRASILIA, GO
4477;BOQUIM, SE
4478;NEOPOLIS, SE
4479;SANTA LUZIA DO PARUA, MA
4480;SANTA RITA DO MARANHAO, MA
4481;GUARAI, TO
4482;310 SUL, DF
4483;SAMAMBAIA SUL, DF
4484;SANTA QUITERIA, CE
4487;PARQUE DOM PEDRO, SP
4488;AV CASTELO BRANCO, SP
4490;CAMPINAS SHOPPING, SP
4491;BORBOREMA PAULISTA, SP
4492;ALVINOPOLIS, SP
4493;AV IACANGA, SP
4494;CIDADE DOS PINHEIRAIS, SP
4495;CORUMBAIBA, GO
4496;MARA ROSA, GO
4497;CORPORATIVO RIO DE JANEIRO
4498;ALTINOPOLIS, SP
4499;BERCO DA REPUBLICA, SP
4500;FORMOSINHA, GO
4501;VALPARAISO CENTRO, GO
4502;12 DE OUTUBRO, GO
4506;NOSSA SENHORA DA LUZ, RS
4507;TAPERA, RS
4508;AV OTTO NIEMEYER, RS
4511;SETOR BANCARIO NORTE, DF
4515;NOVA AMERICA, RJ
4519;AV T2, GO
4520;AV 136, GO
4522;IPIXUNA DO PARA, PA
4523;CAPITAO POCO, PA
4524;NOVO REPARTIMENTO, PA
4525;DOM ELISEU, PA
4526;IGARAPE MIRI, PA
4527;MAE DO RIO, PA
4529;PICANCO, SP
4530;CIDADE DUTRA, SP
4531;JARDIM DAS IMBUIAS, SP
4532;FILHOS DA TERRA, SP
4533;VALO VELHO, SP
4534;SANTO ANTONIO, MG
4535;CAMPOS ALTOS, MG
4536;JEQUITINHONHA, MG
4537;BAIRRO FOCH, MG
4538;CAMPO MAGRO, PR
4539;AUTAZES, AM
4540;BORBA, AM
4541;MANICORE, AM
4542;LABREA, AM
4543;CACUIA, RJ
4546;MANDIRITUBA, PR
4547;CONTENDA, PR
4548;JACIOBA, AL
4549;AV SENADOR VIRGILIO TAVORA, CE
4550;CAMPUS DO PICI, CE
4551;PAPICU, CE
4552;XINGO, AL
4553;SHOPPING DAYS, RJ
4554;PORTO MURTINHO, MS
4555;ANASTACIO, MS
4556;MIRANDA, MS
4557;VILA JOANIZA, SP
4558;TABOAO, SP
4559;AGUA RASA, SP
4560;RIO PRETO DA EVA, AM
4561;MUSEU DO IPIRANGA, SP
4562;SHOPPING CIDADE NORTE, SP
4563;CAREIRO, AM
4564;BARCELONA, SP
4566;IRANDUBA, AM
4567;PONTA DA PRAIA, SP
4568;PARIQUERA-ACU, SP
4569;CONTINENTAL, SP
4570;MANOA, AM
4571;MACEDO, SP
4572;NORTE MANAUARA, AM
4573;LAUZANE, SP
4574;PRAIA DA ENSEADA, SP
4575;PRESIDENTE FIGUEIREDO, AM
4576;FORMOSA DO RIO PRETO, BA
4577;PARATINGA, BA
4578;PRADO, BA
4579;CANDIDO SALES, BA
4580;MONTIVIDIU, GO
4581;CANAVIEIRAS, BA
4582;ITABELA, BA
4583;SANTA RITA DE CASSIA, BA
4584;SANTANENSE, BA
4585;SAO DESIDERIO, BA
4586;ESTRADA DO COCO, BA
4587;PRAIA DO FORTE, BA
4588;BAIRRO CANDEIAS, BA
4589;CACULE, BA
4591;PECEM, CE
4592;OLHO D AGUA DAS FLORES, AL
4593;CORONEL VIVIDA, PR
4594;TUPI, PR
4595;CANSANCAO, BA
4596;CICERO DANTAS, BA
4597;CORACAO DE MARIA, BA
4598;INHAMBUPE, BA
4599;MONTE SANTO, BA
4600;RIO REAL, BA
4601;IRAQUARA, BA
4602;VALENTE, BA
4603;MOREIRA SALES, PR
4604;ALFREDO CHAVES, ES
4606;GIRAU DO PONCIANO, AL
4607;CENTRAL LARANJEIRAS, ES
4608;ECOPORANGA, ES
4609;PIEN, PR
4610;NOVA OLIMPIA, MT
4611;SONORA, MS
4612;JOSE DE FREITAS, PI
4613;SETOR OESTE, GO
4614;LAGO DAS ROSAS, GO
4615;JARDIM AVELINO, SP
4616;PATRIOTAS, SP
4617;PARQUE DO ESTADO, SP
4619;METRO SAO JUDAS, SP
4622;PIRACURUCA, PI
4623;PEDRO II, PI
4624;MONDAI, SC
4625;CANASVIEIRAS, SC
4626;QUILOMBO, SC
4631;CIDADE ADEMAR, SP
4632;JARDIM CAMARGO NOVO, SP
4633;CORIOLANO, SP
4634;VILA JACUI, SP
4635;CASTELO BRANCO, SP
4636;CLODOMIRO AMAZONAS, SP
4637;NOVA ALVORADA DO SUL, MS
4638;SALOME, AL
4639;CAMPO ALEGRE, AL
4640;JOAQUIM GOMES, AL
4641;NOVA CRIXAS, GO
4642;ITALVA, RJ
4643;CAMPOS DE JULIO, MT
4645;RUA VITORIA, SP
4646;PARQUE SAO VICENTE, SP
4647;PARQUELANDIA, CE
4648;ANIL, RJ
4649;24 DE JUNHO, PR
4650;AVENIDA FELICIANO SODRE, RJ
4651;IPE, MT
4652;VIANOPOLIS, GO
4654;VARGEM ALTA, ES
4655;ESTRADA MANOEL DE SA, RJ
4656;ITAMBE, BA
4657;PAI ETERNO, GO
4658;SOUZA RAMOS, GO
4659;PARQUE VALENTINA MIRANDA, RJ
4660;QUISSAMA, RJ
4661;RECONCAVO, BA
4662;ENTRE RIOS, BA
4663;PARAMIRIM, BA
4664;BELMONTE, BA
4666;SERRA DO RAMALHO, BA
4667;UAUA, BA
4668;ITACARE, BA
4669;COARACI, BA
4670;ESTACAO DAS BARCAS, RJ
4671;ACREUNA, GO
4673;SHOPPING JATAHY, GO
4674;BAIRRO SANTA CATARINA, RS
4675;RAINHA DA FRONTEIRA, RS
4676;VILA MARIANA, SP
4677;AV CELSO GARCIA, SP
4678;PEDRA LISA, SP
4679;MEMORIAL, SP
4680;ALAMEDA RIO NEGRO, SP
4681;LARGO DO CAPAO, SP
4682;ITAITINGA, CE
4683;JURUTI, PA
4684;CIDADE MODELO, PA
4685;TAPAJOS, PA
4686;GARRAFAO DO NORTE, PA
4687;URUARA, PA
4688;JACUNDA, PA
4689;GRANDE BOM JARDIM, CE
4690;IMACULADA CONCEICAO, CE
4691;JARDIM GOIAS, GO
4692;SANTO ANTONIO DO SUDOESTE, PR
4693;MARACAS, BA
4694;MUNDO NOVO DA BAHIA, BA
4695;ARATU, BA
4696;IPITANGA, BA
4697;BELA FLOR, BA
4698;SAO PAULO DE OLIVENCA, AM
4699;AV MANGALO, GO
4700;SETOR RODOVIARIO, GO
4701;AV DR VICTOR DO AMARAL, PR
4702;VENTURA TOWER, RJ
4703;NOVA SAO JOSE, SP
4704;MILLENNIUM, AM
4705;ARROIO DO TIGRE, RS
4706;VILA KOSMOS, RJ
4707;SAO LAZARO, AP
4708;PACOVAL, AP
4709;JARDIM ZAIRA, SP
4710;AV MAURILIO BIAGI, SP
4711;BARONESA DE JUNDIAI, SP
4712;COTOVIA, SP
4713;AV VEREADOR ABEL FERREIRA, SP
4714;FERRAZOPOLIS, SP
4715;RUA TOBIAS BARRETO, SP
4716;JARDIM JAPAO, SP
4717;PARQUE BOTURUSSU, SP
4718;CONCHAL, SP
4719;BAIRRO JARDIM, SP
4720;JARDIM ESTHER, SP
4721;GAROPABA, SC
4722;MOROTIN, RS
4723;OIAPOQUE, AP
4724;VILA DE SANTA MARIA, RJ
4725;INGA, RJ
4726;ARROIO DOS RATOS, RS
4727;ALTOS, PI
4728;ARAQUARI, SC
4729;PORTO BELO, SC
4730;APARECIDA DO TABOADO, MS
4731;BARAO DE ITAPURA, SP
4732;BONITO, MS
4733;LAGOA DA CONCEICAO, SC
4734;CACU, GO
4735;CAIAPONIA, GO
4736;PONTALINA, GO
4738;FORUM OLINDA, PE
4739;PAUDALHO, PE
4741;CIDADE MORENA, MS
4742;PARK SHOPPING VILHENA, RO
4743;IMBE, RS
4744;TATUQUARA, PR
4745;NOVA MAMORE, RO
4746;POCONE, MT
4747;SULACAP, RJ
4748;AV ABELARDO BUENO, RJ
4749;OPEN MALL, RJ
4750;ESTRADA DOS BANDEIRANTES, RJ
4752;SALGADO, PE
4753;RIBEIRAO, PE
4754;CATENDE, PE
4755;COMENDADOR SOARES, RJ
4756;FORUM JABOATAO, PE
4757;PASSARELA, RJ
4758;29 DE DEZEMBRO, PE
4759;RIO MAR, PE
4760;PARQUE CIDADE, DF
4761;PRACA DA MATRIZ, RJ
4762;PALACIO DA ABOLICAO, CE
4763;ENG PAULO DE FRONTIN, RJ
4764;AMELIA RODRIGUES, BA
4765;ARACI, BA
4766;CASA NOVA, BA
4767;CONCEICAO DO JACUIPE, BA
4769;IRARA, BA
4770;ITIUBA, BA
4771;JAGUARARI, BA
4772;JEREMOABO, BA
4773;MIGUEL CALMON, BA
4774;AVENIDA GARIBALDI, BA
4775;RUA DA CANDELARIA, RJ
4776;TERRA VERMELHA, ES
4777;ORFANATO, SP
4778;PRACA DO FORRO, SP
4779;AV RIO DAS PEDRAS, SP
4780;LARGO DO LUME, RJ
4781;RUA DO SENADO, RJ
4782;ARAGARCAS, GO
4783;PETROLINA DE GOIAS, GO
4784;ESPINOSA, MG
4785;RAJA GABAGLIA, MG
4786;XINGU, PA
4787;ALTO DA BOA VISTA, SP
4788;ALTO DO IPIRANGA, SP
4789;FAZENDA DA JUTA, SP
4790;VILA CLEMENTINO, SP
4791;ITARIRI, SP
4792;MORUNGABA, SP
4793;MACUNIS, SP
4794;JARINU, SP
4796;SERRA DO MAR, RJ
4797;MATATU, BA
4798;PARQUE DE PITUACU, BA
4799;AV JOANA ANGELICA, BA
4800;COSTA AZUL, BA
4801;PITUBA PRIVILEGE, BA
4802;PELOURINHO, BA
4803;SHOPPING BELA VISTA, BA
4804;FAZENDA GRANDE DO RETIRO, BA
4805;SANTA TEREZINHA DE GOIAS, GO
4806;BOSQUE DAS ARAPIRACAS, AL
4808;TABULEIRO DOS MARTINS, AL
4809;ARROIO GRANDE, RS
4810;PARCAO, RS
4811;TENENTE PORTELA, RS
4812;BAIRRO LIBERDADE, RS
4813;ASA GIGANTE, AL
4814;CAMPINORTE, GO
4815;JUIZADOS ESPECIAIS DO RECIFE, PE
4816;GOIANAPOLIS, GO
4817;IGUAI, BA
4818;RUY BARBOSA DA BAHIA, BA
4819;PALMAS DE MONTE ALTO, BA
4820;AV MARCELINO PIRES, MS
4822;GUAPO, GO
4823;PARAHYBA, PB
4824;CAIXA D AGUA, BA
4825;MORRO DO CHAPEU, BA
4826;MURITIBA, BA
4827;NOVA SOURE, BA
4828;CANION DO SAO FRANCISCO, BA
4829;PILAO ARCADO, BA                   
4830;QUEIMADAS, BA
4831;RIACHAO DAS NEVES, BA
4832;RIACHO DE SANTANA, BA
4833;SANTA LUZ, BA
4834;QUITUNGO, RJ
4835;ALTO TAQUARI, MT
4836;URUGUAI, RJ
4837;AV PRESIDENTE WILSON, RJ
4838;AVENIDA BARAO DE TEFE, RJ
4839;QUITANDA, RJ
4840;RUA DA RELACAO, RJ
4841;ALUMINIO, SP
4842;VILA LUZITA, SP
4843;HELIOPOLIS, SP
4844;NOVO RIO, RJ
4845;SAO JOSE DE MIPIBU, RN
4846;PLATAFORMA EMPRESARIAL, SP
4847;CENTERVALE SHOPPING, SP
4848;VILA PESTANA, SP
4849;VILA MARCONDES, SP
4850;GUARAREMA, SP
4851;MOOCA PLAZA SHOPPING, SP
4852;SHOPPING METRO SANTA CRUZ, SP
4853;PAULISTA SAO LUIS, SP
4854;GUAPIMIRIM, RJ
4855;BAIRRO SALGADO FILHO, MG
4861;LOURDES, MG
4869;COCALZINHO, GO
4871;PATY DO ALFERES, RJ
4872;TANGUA, RJ
4873;GUABIRUBA, SC
4874;UMBAUBA, SE
4875;CAPELA SERGIPE, SE
4876;ESCOLA AGRICOLA, SC
4877;SAO VICENTE DE ITAJAI, SC
4878;NOVA VENEZA, SC
4879;SIQUEIRA, CE
4880;GRAMACHO, RJ
4881;SANTA CRUZ DA SERRA, RJ
4882;AV AYRTON SENNA, RN
4883;AV PRUDENTE DE MORAIS, RN
4884;GUAMARE, RN
4885;EDUCADORA NOILDE RAMALHO, RN
4886;TOUROS, RN
4887;SAO MIGUEL, RN
4888;NOVA PARNAMIRIM, RN
4889;RUA MORAES BARROS, SP
4890;AV DANILO GALEAZZI, SP
4891;POZZOBON, SP
4892;WANEL VILLE, SP
4893;LUIS ANTONIO, SP
4894;PEDREGULHO, SP
4895;ELOY CHAVES, SP
4896;AV VITAL BRASIL, SP
4897;SANTO ANTONIO DE POSSE, SP
4898;JARDIM LONDRES, SP
4899;ESTACAO PAULISTA, SP
4900;PRACA FLORIANO PEIXOTO, SP
4901;CIDADE DE CHARQUEADA, SP
4905;PAMPLONA, SP
4906;VILA HORTOLANDIA, SP
4907;LARGO DO ROSARIO, SP
4908;BAIRRO VILA VIRGINIA, SP
4909;AV DOS ESPORTES, SP
4910;SANTA FELICIA, SP
4912;ALTO DO RODRIGUES, RN
4913;PEDRAS DE FOGO, PB
4914;BESSA, PB
4915;BANCARIOS, PB
4916;PICUI, PB
4917;SAO BENTO DA PARAIBA, PB
4918;RUA ALBANO SCHMIDT, SC
4919;MEIO NORTE, MA
4924;COCAL DO SUL, SC
4937;ANAPOLINA, GO
4938;SALTO DO JACUI, RS
4939;NOVA HARTZ, RS
4941;HIDROLANDIA, GO
4942;AV VETORASSO, SP
4943;MARRECAS, PR
4944;RUA DO PRADO, RJ
4945;RUA AUGUSTO DE VASCONCELOS, RJ
4946;GUARATIBA, RJ
4947;AV DOM HELDER CAMARA, RJ
4948;ESTACAO LUCAS, RJ
4949;AV AMARO CAVALCANTE, RJ
4950;PREFEITURA MUNICIPAL RAFARD, SP
4951;BELEM DA SERRA, SP
4952;PIRACAIA, SP
4953;PORTEIRINHA,MG
4954;PREFEITURA MUNICIPAL GUARANI, MG
4955;PREFEITURA MUNICIPAL PIRAJUBA, MG
4956;BANDEIRA DO SUL, MG
4957;PREFEITURA MUNICIPAL PIRANGUINHO,MG
4958;PREFEITURA MUNICIPAL CURITIBA, PR
4959;SAO FRANCISCO DE GOIAS, GO
4964;ANA LUCIA, MG
4971;CSN PATIO SOM, RJ
4972;BAIRRO CORACAO EUCARISTICO, MG
4973;MADRE DE DEUS, BA
4974;BARRA DO CHOCA, BA
4975;CARINHANHA, BA
4976;IMIP, PE
4977;QUATIS, RJ
4978;NOVA CIDADE, RJ
4979;BURITIS DE MINAS, MG
4980;JUSTINOPOLIS, MG
4981;PARQUE VEIGA JARDIM, GO
4982;PORTAL DO SERTAO, PB
4983;HORTENSIAS, SP
4984;MANCHESTER PAULISTA, SP
4985;JULIO DE MESQUITA,SP
4986;AMERICA DO SUL, SP
4987;JARDIM D ABRIL, SP
4988;BRASILANDIA, SP
4989;SALESOPOLIS, SP
4990;ALTO DO JARAGUA, SP
4991;ENGENHEIRO COELHO, SP
4992;CORPORATIVO CONSTRUCAO CIVIL
4993;BARRINHA, SP
4994;IBITIRAMA, SP
4995;TERRA DAS AGUAS, PE
4996;BUIQUE, PE
4997;CSN ZONA LESTE, RJ
7064;FORUM CARUARU, PE
7570;FORUM CEILANDIA, DF
7572;FORUM DE TAGUATINGA, DF
7589;JUSTICA TRABALHO CAMPINA GRANDE, PB
7590;FORUM LUZIANIA, GO
7594;JUSTICA FEDERAL DE CARUARU, PE
7609;JUNTA CONCILIACAO E JULGAMENTO, MG
7830;JUSTICA TRABALHO NOVA ESPERANCA, PR
7870;JUSTICA FEDERAL PARANAVAI, PR
7872;JUSTICA FEDERAL CAMPO MOURAO, PR
7918;FORUM CAMPO MOURAO, PR
7919;FORUM CIANORTE, PR
7920;JUSTICA DO TRABALHO CIANORTE, PR
7921;FORUM PARANAVAI, PR
7922;BANDEIRA DO SUL, MG
7923;EMBRAPA, DF
7924;512 NORTE ED JOSE ALENCAR, DF
7925;UNIVERSITARIO UFPE, PE
7926;PJ EMPRESARIAL SHOPPING DA BAHIA,BA
7927;REPAR ARAUCARIA, PR
7928;RIO POUPA TEMPO SHOP GRANDE RIO, RJ
7929;CASA DO EMPREENDEDOR, SP
7930;BARCO ILHA DE MARAJO, PA
7931;JT LIMEIRA, SP
7933;PETROBRAS REVAP, SP
7934;PREF MUNICIPAL ARIQUEMES, RO
7935;PREF MUNICIPAL CARAPICUIBA, SP
7936;CLUBE DE REGATAS FLAMENGO, RJ
7937;PREF MUNICIPAL CAPIXABA, AC
7938;CIDADE DA JUSTICA, AC
7939;PREF MUN MARECHAL THAUMATURGO, AC
7940;TRT PORTO VELHO, RO
7941;PREF MUN ITAPECERICA DA SERRA, SP
7942;PREFEITURA DE EMBU DAS ARTES, SP
7943;PREFEITURA MUNICIPAL ARAPIRACA, AL
7944;PREFEITURA MUNICIPAL CAJUEIRO, AL
7945;PREFEITURA MUNICIPAL DE SOBRAL, CE
7946;TRT BOM JESUS DA LAPA, BA
7947;PETROBRAS RIO, RJ
7949;FORUM TELEMACO BORBA, PR
7950;CEDETEG, PR
7951;FORUM GUARAPUAVA, PR
7952;PREF MUNICIPAL PONTA GROSSA, PR
7953;FORUM UNIAO DA VITORIA, PR
9155;SESI